Vehicle ID,Fleet ID,Model Year,Initial Service Year,Data Collection Start,Data Collection End,Model Name,Manufacturer,Weight Class,Curb Weight,Capital Cost,Nominal Range,Nominal Efficiency,Peak Power,Peak Torque,Towing Capacity,Battery Chemistry,Rated Energy,Fuel Fired Heater?,Max Charge Rate,ChargeÂ Connector,Total Fleet Size,% Electrified,State,Region,Body Style,Sector,Vocation,Vehicle Platform,Fleet Type,Data Collection Method,Filename,Actual Filename
EV001,Fleet01,2016,2016,11/01/16,07/31/18,,Complete Coach Works,8,,600000,130,,130,,,Lithium-ion,308,FALSE,45,Meltric 100 Amp 3 Phase,Large,11,CA,West Coast,"(BNS) Bus, Non-School",(PTR) Passenger Transportation,(PTR) Transit Bus,(TRA) Transit Bus,(GLO) Government: Local,(VIR) Viriciti,vehicle.ev001.fleet01.2016.completecoachworks.8.308.45.ca.ptr.ptr.tra.vir.csv,
EV002,Fleet01,2017,2017,03/17/17,07/31/18,,Complete Coach Works,8,,600000,130,,130,,,Lithium-ion,308,FALSE,45,Meltric 100 Amp 3 Phase,Large,11,CA,West Coast,"(BNS) Bus, Non-School",(PTR) Passenger Transportation,(PTR) Transit Bus,(TRA) Transit Bus,(GLO) Government: Local,(VIR) Viriciti,vehicle.ev002.fleet01.2017.completecoachworks.8.308.45.ca.ptr.ptr.tra.vir.csv,
EV003,Fleet01,2017,2017,03/21/17,07/29/18,,Complete Coach Works,8,,600000,130,,130,,,Lithium-ion,308,FALSE,45,Meltric 100 Amp 3 Phase,Large,11,CA,West Coast,"(BNS) Bus, Non-School",(PTR) Passenger Transportation,(PTR) Transit Bus,(TRA) Transit Bus,(GLO) Government: Local,(VIR) Viriciti,vehicle.ev003.fleet01.2017.completecoachworks.8.308.45.ca.ptr.ptr.tra.vir.csv,
EV004,Fleet01,2017,2017,03/03/17,07/31/18,,Complete Coach Works,8,,600000,130,,130,,,Lithium-ion,308,FALSE,45,Meltric 100 Amp 3 Phase,Large,11,CA,West Coast,"(BNS) Bus, Non-School",(PTR) Passenger Transportation,(PTR) Transit Bus,(TRA) Transit Bus,(GLO) Government: Local,(VIR) Viriciti,vehicle.ev004.fleet01.2017.completecoachworks.8.308.45.ca.ptr.ptr.tra.vir.csv,
EV005,Fleet01,2017,2017,03/17/17,07/31/18,,Complete Coach Works,8,,600000,130,,130,,,Lithium-ion,308,FALSE,45,Meltric 100 Amp 3 Phase,Large,11,CA,West Coast,"(BNS) Bus, Non-School",(PTR) Passenger Transportation,(PTR) Transit Bus,(TRA) Transit Bus,(GLO) Government: Local,(VIR) Viriciti,vehicle.ev005.fleet01.2017.completecoachworks.8.308.45.ca.ptr.ptr.tra.vir.csv,
EV006,Fleet02,2018,2019,10/01/18,08/01/19,Bolt EV,Chevrolet,1,3563,36620,238,0.28,150,360,,Lithium-ion,60,FALSE,7,J1772,Small,100,CA,West Coast,(OTH) Other,(PTR) Passenger Transportation,(PSH) Shuttle,(LIG) Light-Duty Vehicle,(PRV) Private,(FLE) Fleet Karma,vehicle.ev006.fleet02.2018.chevrolet.1.60.7.ca.ptr.psh.lig.fle.csv,
EV007,Fleet02,2018,2019,10/01/18,08/01/19,Bolt EV,Chevrolet,1,3563,36620,238,0.28,150,360,,Lithium-ion,60,FALSE,7,J1772,Small,100,CA,West Coast,(OTH) Other,(PTR) Passenger Transportation,(PSH) Shuttle,(LIG) Light-Duty Vehicle,(PRV) Private,(FLE) Fleet Karma,vehicle.ev007.fleet02.2018.chevrolet.1.60.7.ca.ptr.psh.lig.fle.csv,
EV008,Fleet02,2018,2019,10/01/18,08/01/19,Bolt EV,Chevrolet,1,3563,36620,238,0.28,150,360,,Lithium-ion,60,FALSE,7,J1772,Small,100,CA,West Coast,(OTH) Other,(PTR) Passenger Transportation,(PSH) Shuttle,(LIG) Light-Duty Vehicle,(PRV) Private,(FLE) Fleet Karma,vehicle.ev008.fleet02.2018.chevrolet.1.60.7.ca.ptr.psh.lig.fle.csv,
EV009,Fleet02,2018,2019,10/01/18,08/01/19,Bolt EV,Chevrolet,1,3563,36620,238,0.28,150,360,,Lithium-ion,60,FALSE,7,J1772,Small,100,CA,West Coast,(OTH) Other,(PTR) Passenger Transportation,(PSH) Shuttle,(LIG) Light-Duty Vehicle,(PRV) Private,(FLE) Fleet Karma,vehicle.ev009.fleet02.2018.chevrolet.1.60.7.ca.ptr.psh.lig.fle.csv,
EV010,Fleet02,2018,2019,10/01/18,08/01/19,Bolt EV,Chevrolet,1,3563,36620,238,0.28,150,360,,Lithium-ion,60,FALSE,7,J1772,Small,100,CA,West Coast,(OTH) Other,(PTR) Passenger Transportation,(PSH) Shuttle,(LIG) Light-Duty Vehicle,(PRV) Private,(FLE) Fleet Karma,vehicle.ev010.fleet02.2018.chevrolet.1.60.7.ca.ptr.psh.lig.fle.csv,
EV011,Fleet02,2018,2019,10/01/18,08/01/19,Bolt EV,Chevrolet,1,3563,36620,238,0.28,150,360,,Lithium-ion,60,FALSE,7,J1772,Small,100,CA,West Coast,(OTH) Other,(PTR) Passenger Transportation,(PSH) Shuttle,(LIG) Light-Duty Vehicle,(PRV) Private,(FLE) Fleet Karma,vehicle.ev011.fleet02.2018.chevrolet.1.60.7.ca.ptr.psh.lig.fle.csv,
EV012,Fleet02,2018,2019,10/01/18,08/01/19,Bolt EV,Chevrolet,1,3563,36620,238,0.28,150,360,,Lithium-ion,60,FALSE,7,J1772,Small,100,CA,West Coast,(OTH) Other,(PTR) Passenger Transportation,(PSH) Shuttle,(LIG) Light-Duty Vehicle,(PRV) Private,(FLE) Fleet Karma,vehicle.ev012.fleet02.2018.chevrolet.1.60.7.ca.ptr.psh.lig.fle.csv,
EV013,Fleet02,2018,2019,10/01/18,08/01/19,Bolt EV,Chevrolet,1,3563,36620,238,0.28,150,360,,Lithium-ion,60,FALSE,7,J1772,Small,100,CA,West Coast,(OTH) Other,(PTR) Passenger Transportation,(PSH) Shuttle,(LIG) Light-Duty Vehicle,(PRV) Private,(FLE) Fleet Karma,vehicle.ev013.fleet02.2018.chevrolet.1.60.7.ca.ptr.psh.lig.fle.csv,
EV014,Fleet02,2018,2019,10/01/18,08/01/19,Bolt EV,Chevrolet,1,3563,36620,238,0.28,150,360,,Lithium-ion,60,FALSE,7,J1772,Small,100,CA,West Coast,(OTH) Other,(PTR) Passenger Transportation,(PSH) Shuttle,(LIG) Light-Duty Vehicle,(PRV) Private,(FLE) Fleet Karma,vehicle.ev014.fleet02.2018.chevrolet.1.60.7.ca.ptr.psh.lig.fle.csv,
EV015,Fleet02,2018,2019,10/01/18,08/01/19,Bolt EV,Chevrolet,1,3563,36620,238,0.28,150,360,,Lithium-ion,60,FALSE,7,J1772,Small,100,CA,West Coast,(OTH) Other,(PTR) Passenger Transportation,(PSH) Shuttle,(LIG) Light-Duty Vehicle,(PRV) Private,(FLE) Fleet Karma,vehicle.ev015.fleet02.2018.chevrolet.1.60.7.ca.ptr.psh.lig.fle.csv,
EV016,Fleet03,2018,2019,10/01/18,08/01/19,Bolt EV,Chevrolet,1,3563,36620,238,0.28,150,360,,Lithium-ion,60,FALSE,7,J1772,Small,100,CA,West Coast,(OTH) Other,(PTR) Passenger Transportation,(PSH) Shuttle,(LIG) Light-Duty Vehicle,(PRV) Private,(FLE) Fleet Karma,vehicle.ev016.fleet03.2018.chevrolet.1.60.7.ca.ptr.psh.lig.fle.csv,
EV017,Fleet03,2018,2019,10/01/18,08/01/19,Bolt EV,Chevrolet,1,3563,36620,238,0.28,150,360,,Lithium-ion,60,FALSE,7,J1772,Small,100,CA,West Coast,(OTH) Other,(PTR) Passenger Transportation,(PSH) Shuttle,(LIG) Light-Duty Vehicle,(PRV) Private,(FLE) Fleet Karma,vehicle.ev017.fleet03.2018.chevrolet.1.60.7.ca.ptr.psh.lig.fle.csv,
EV018,Fleet03,2018,2019,10/01/18,08/01/19,Bolt EV,Chevrolet,1,3563,36620,238,0.28,150,360,,Lithium-ion,60,FALSE,7,J1772,Small,100,CA,West Coast,(OTH) Other,(PTR) Passenger Transportation,(PSH) Shuttle,(LIG) Light-Duty Vehicle,(PRV) Private,(FLE) Fleet Karma,vehicle.ev018.fleet03.2018.chevrolet.1.60.7.ca.ptr.psh.lig.fle.csv,
EV019,Fleet03,2018,2019,10/01/18,08/01/19,Bolt EV,Chevrolet,1,3563,36620,238,0.28,150,360,,Lithium-ion,60,FALSE,7,J1772,Small,100,CA,West Coast,(OTH) Other,(PTR) Passenger Transportation,(PSH) Shuttle,(LIG) Light-Duty Vehicle,(PRV) Private,(FLE) Fleet Karma,vehicle.ev019.fleet03.2018.chevrolet.1.60.7.ca.ptr.psh.lig.fle.csv,
EV020,Fleet03,2018,2019,10/01/18,08/01/19,Bolt EV,Chevrolet,1,3563,36620,238,0.28,150,360,,Lithium-ion,60,FALSE,7,J1772,Small,100,CA,West Coast,(OTH) Other,(PTR) Passenger Transportation,(PSH) Shuttle,(LIG) Light-Duty Vehicle,(PRV) Private,(FLE) Fleet Karma,vehicle.ev020.fleet03.2018.chevrolet.1.60.7.ca.ptr.psh.lig.fle.csv,
EV021,Fleet03,2018,2019,10/01/18,08/01/19,Bolt EV,Chevrolet,1,3563,36620,238,0.28,150,360,,Lithium-ion,60,FALSE,7,J1772,Small,100,CA,West Coast,(OTH) Other,(PTR) Passenger Transportation,(PSH) Shuttle,(LIG) Light-Duty Vehicle,(PRV) Private,(FLE) Fleet Karma,vehicle.ev021.fleet03.2018.chevrolet.1.60.7.ca.ptr.psh.lig.fle.csv,
EV022,Fleet04,2017,2017,08/31/18,04/30/19,K9S,BYD,8,28660,,145,,150,550,,Iron Phosphate,266,FALSE,80,,Large,1,CA,West Coast,"(BNS) Bus, Non-School",(PTR) Passenger Transportation,(PTR) Transit Bus,(TRA) Transit Bus,(GLO) Government: Local,(VIR) Viriciti,vehicle.ev022.fleet04.2017.byd.8.266.80.ca.ptr.ptr.tra.vir.csv,
EV023,Fleet04,2017,2017,08/31/18,04/06/19,K9S,BYD,8,28660,,145,,150,550,,Iron Phosphate,266,FALSE,80,,Large,1,CA,West Coast,"(BNS) Bus, Non-School",(PTR) Passenger Transportation,(PTR) Transit Bus,(TRA) Transit Bus,(GLO) Government: Local,(VIR) Viriciti,vehicle.ev023.fleet04.2017.byd.8.266.80.ca.ptr.ptr.tra.vir.csv,
EV024,Fleet04,2018,2018,08/31/18,04/30/19,K9S,BYD,8,28660,,145,,150,550,,Iron Phosphate,266,FALSE,80,,Large,1,CA,West Coast,"(BNS) Bus, Non-School",(PTR) Passenger Transportation,(PTR) Transit Bus,(TRA) Transit Bus,(GLO) Government: Local,(VIR) Viriciti,vehicle.ev024.fleet04.2018.byd.8.266.80.ca.ptr.ptr.tra.vir.csv,
EV025,Fleet04,2018,2018,08/31/18,04/30/19,K9S,BYD,8,28660,,145,,150,550,,Iron Phosphate,266,FALSE,80,,Large,1,CA,West Coast,"(BNS) Bus, Non-School",(PTR) Passenger Transportation,(PTR) Transit Bus,(TRA) Transit Bus,(GLO) Government: Local,(VIR) Viriciti,vehicle.ev025.fleet04.2018.byd.8.266.80.ca.ptr.ptr.tra.vir.csv,
EV026,Fleet05,2017,2018,01/10/18,09/28/18,ZX5,Proterra,8,26850,850000,40,,,,,Lithium-ion,79,FALSE,500,single-blade overhead fast-charge,Large,15,CA,West Coast,"(BNS) Bus, Non-School",(PTR) Passenger Transportation,(PTR) Transit Bus,(TRA) Transit Bus,(GLO) Government: Local,(VIR) Viriciti,vehicle.ev026.fleet05.2017.proterra.8.79.500.ca.ptr.ptr.tra.vir.csv,
EV027,Fleet05,2017,2018,01/02/18,09/28/18,ZX5,Proterra,8,26850,850000,40,,,,,Lithium-ion,79,FALSE,500,single-blade overhead fast-charge,Large,15,CA,West Coast,"(BNS) Bus, Non-School",(PTR) Passenger Transportation,(PTR) Transit Bus,(TRA) Transit Bus,(GLO) Government: Local,(VIR) Viriciti,vehicle.ev027.fleet05.2017.proterra.8.79.500.ca.ptr.ptr.tra.vir.csv,
EV028,Fleet05,2017,2018,04/15/18,09/28/18,ZX5,Proterra,8,26850,850000,40,,,,,Lithium-ion,79,FALSE,500,single-blade overhead fast-charge,Large,15,CA,West Coast,"(BNS) Bus, Non-School",(PTR) Passenger Transportation,(PTR) Transit Bus,(TRA) Transit Bus,(GLO) Government: Local,(VIR) Viriciti,vehicle.ev028.fleet05.2017.proterra.8.79.500.ca.ptr.ptr.tra.vir.csv,
EV029,Fleet05,2017,2018,03/27/18,09/30/18,ZX5,Proterra,8,26850,850000,40,,,,,Lithium-ion,79,FALSE,500,single-blade overhead fast-charge,Large,15,CA,West Coast,"(BNS) Bus, Non-School",(PTR) Passenger Transportation,(PTR) Transit Bus,(TRA) Transit Bus,(GLO) Government: Local,(VIR) Viriciti,vehicle.ev029.fleet05.2017.proterra.8.79.500.ca.ptr.ptr.tra.vir.csv,
EV030,Fleet05,2017,2018,01/02/18,09/30/18,ZX5,Proterra,8,26850,850000,40,,,,,Lithium-ion,79,FALSE,500,single-blade overhead fast-charge,Large,15,CA,West Coast,"(BNS) Bus, Non-School",(PTR) Passenger Transportation,(PTR) Transit Bus,(TRA) Transit Bus,(GLO) Government: Local,(VIR) Viriciti,vehicle.ev030.fleet05.2017.proterra.8.79.500.ca.ptr.ptr.tra.vir.csv,
EV031,Fleet05,2017,2018,01/05/18,09/28/18,ZX5,Proterra,8,26850,850000,40,,,,,Lithium-ion,79,FALSE,500,single-blade overhead fast-charge,Large,15,CA,West Coast,"(BNS) Bus, Non-School",(PTR) Passenger Transportation,(PTR) Transit Bus,(TRA) Transit Bus,(GLO) Government: Local,(VIR) Viriciti,vehicle.ev031.fleet05.2017.proterra.8.79.500.ca.ptr.ptr.tra.vir.csv,
EV032,Fleet05,2017,2018,01/04/18,09/29/18,ZX5,Proterra,8,26850,850000,40,,,,,Lithium-ion,79,FALSE,500,single-blade overhead fast-charge,Large,15,CA,West Coast,"(BNS) Bus, Non-School",(PTR) Passenger Transportation,(PTR) Transit Bus,(TRA) Transit Bus,(GLO) Government: Local,(VIR) Viriciti,vehicle.ev032.fleet05.2017.proterra.8.79.500.ca.ptr.ptr.tra.vir.csv,
EV033,Fleet05,2017,2018,01/09/18,09/05/18,ZX5,Proterra,8,26850,850000,40,,,,,Lithium-ion,79,FALSE,500,single-blade overhead fast-charge,Large,15,CA,West Coast,"(BNS) Bus, Non-School",(PTR) Passenger Transportation,(PTR) Transit Bus,(TRA) Transit Bus,(GLO) Government: Local,(VIR) Viriciti,vehicle.ev033.fleet05.2017.proterra.8.79.500.ca.ptr.ptr.tra.vir.csv,
EV034,Fleet05,2017,2018,03/21/18,09/28/18,ZX5,Proterra,8,26850,850000,40,,,,,Lithium-ion,79,FALSE,500,single-blade overhead fast-charge,Large,15,CA,West Coast,"(BNS) Bus, Non-School",(PTR) Passenger Transportation,(PTR) Transit Bus,(TRA) Transit Bus,(GLO) Government: Local,(VIR) Viriciti,vehicle.ev034.fleet05.2017.proterra.8.79.500.ca.ptr.ptr.tra.vir.csv,
EV035,Fleet05,2017,2018,01/02/18,09/28/18,ZX5,Proterra,8,26850,850000,40,,,,,Lithium-ion,79,FALSE,500,single-blade overhead fast-charge,Large,15,CA,West Coast,"(BNS) Bus, Non-School",(PTR) Passenger Transportation,(PTR) Transit Bus,(TRA) Transit Bus,(GLO) Government: Local,(VIR) Viriciti,vehicle.ev035.fleet05.2017.proterra.8.79.500.ca.ptr.ptr.tra.vir.csv,
EV036,Fleet06,2017,,01/24/18,01/25/18,8TT,BYD,8,23149,,100,2.07,300,2000,,Iron Phosphate,207,FALSE,80,BYD,Small,100,CA,West Coast,(DCT) Day Cab Tractor,(FRG) Freight,"(FLO) Freight, Local",(HDT) Heavy-Duty Truck,(TRK) Truckload,(PRO) Proprietary,vehicle.ev036.fleet06.2017.byd.8.207.80.ca.frg.flo.hdt.pro.csv,
EV037,Fleet06,2016,2017,05/14/19,05/17/19,Q3M,BYD,8,22180,,100,,360,,,Iron Phosphate,207,FALSE,80,BYD,Small,100,CA,West Coast,(DCT) Day Cab Tractor,(FRG) Freight,"(FLO) Freight, Local",(HDT) Heavy-Duty Truck,(TRK) Truckload,(PRO) Proprietary,vehicle.ev037.fleet06.2016.byd.8.207.80.ca.frg.flo.hdt.pro.csv,
EV038,Fleet07,2019,2019,05/01/20,05/31/21,Orange EV T-Series,Orange EV,8,,,,,,,81000,Iron Phosphate,160,FALSE,,GB/T,,,CA,West Coast,(DCT) Day Cab Tractor,(FRG) Freight,"(NIN) Nonroad, Industrial/MH ",(YDT) Yard Tractor,(PRV) Private,(PRO) Proprietary,vehicle.ev038.fleet07.2019.orangeev.8.160..ca.frg.nin.ydt.pro.csv,
EV039,Fleet07,2019,2019,05/01/20,05/31/21,Orange EV T-Series,Orange EV,8,,,,,,,81000,Iron Phosphate,160,FALSE,,GB/T,,,CA,West Coast,(DCT) Day Cab Tractor,(FRG) Freight,"(NIN) Nonroad, Industrial/MH ",(YDT) Yard Tractor,(PRV) Private,(PRO) Proprietary,vehicle.ev039.fleet07.2019.orangeev.8.160..ca.frg.nin.ydt.pro.csv,
EV040,Fleet07,2019,2019,05/01/20,05/31/21,Orange EV T-Series,Orange EV,8,,,,,,,81000,Iron Phosphate,160,FALSE,,GB/T,,,CA,West Coast,(DCT) Day Cab Tractor,(FRG) Freight,"(NIN) Nonroad, Industrial/MH ",(YDT) Yard Tractor,(PRV) Private,(PRO) Proprietary,vehicle.ev040.fleet07.2019.orangeev.8.160..ca.frg.nin.ydt.pro.csv,
EV041,Fleet08,2019,2019,05/01/20,05/31/21,Orange EV T-Series,Orange EV,8,,,,,,,81000,Iron Phosphate,160,FALSE,,GB/T,,,OH,Midwest,(DCT) Day Cab Tractor,(FRG) Freight,"(NIN) Nonroad, Industrial/MH ",(YDT) Yard Tractor,(PRV) Private,(PRO) Proprietary,vehicle.ev041.fleet08.2019.orangeev.8.160..oh.frg.nin.ydt.pro.csv,
EV042,Fleet08,2019,2019,05/01/20,05/31/21,Orange EV T-Series,Orange EV,8,,,,,,,81000,Iron Phosphate,160,FALSE,,GB/T,,,CA,West Coast,(DCT) Day Cab Tractor,(FRG) Freight,"(NIN) Nonroad, Industrial/MH ",(YDT) Yard Tractor,(PRV) Private,(PRO) Proprietary,vehicle.ev042.fleet08.2019.orangeev.8.160..ca.frg.nin.ydt.pro.csv,
EV043,Fleet08,2017,2017,05/01/20,05/31/21,Orange EV T-Series,Orange EV,8,,,,,,,81000,Iron Phosphate,80,FALSE,,GB/T,,,IL,Midwest,(DCT) Day Cab Tractor,(FRG) Freight,"(NIN) Nonroad, Industrial/MH ",(YDT) Yard Tractor,(PRV) Private,(PRO) Proprietary,vehicle.ev043.fleet08.2017.orangeev.8.80..il.frg.nin.ydt.pro.csv,
EV044,Fleet09,2016,2016,05/01/20,05/31/21,Orange EV T-Series,Orange EV,8,,,,,,,81000,Iron Phosphate,160,FALSE,,GB/T,,,IL,Midwest,(DCT) Day Cab Tractor,(FRG) Freight,"(NIN) Nonroad, Industrial/MH ",(YDT) Yard Tractor,(PRV) Private,(PRO) Proprietary,vehicle.ev044.fleet09.2016.orangeev.8.160..il.frg.nin.ydt.pro.csv,
EV045,Fleet09,2017,2017,05/01/20,05/31/21,Orange EV T-Series,Orange EV,8,,,,,,,81000,Iron Phosphate,160,FALSE,,GB/T,,,NY,Northeast,(DCT) Day Cab Tractor,(FRG) Freight,"(NIN) Nonroad, Industrial/MH ",(YDT) Yard Tractor,(PRV) Private,(PRO) Proprietary,vehicle.ev045.fleet09.2017.orangeev.8.160..ny.frg.nin.ydt.pro.csv,
EV046,Fleet09,2017,2017,05/01/20,05/31/21,Orange EV T-Series,Orange EV,8,,,,,,,81000,Iron Phosphate,160,FALSE,,GB/T,,,NY,Northeast,(DCT) Day Cab Tractor,(FRG) Freight,"(NIN) Nonroad, Industrial/MH ",(YDT) Yard Tractor,(PRV) Private,(PRO) Proprietary,vehicle.ev046.fleet09.2017.orangeev.8.160..ny.frg.nin.ydt.pro.csv,
EV047,Fleet09,2017,2017,05/01/20,05/31/21,Orange EV T-Series,Orange EV,8,,,,,,,81000,Iron Phosphate,160,FALSE,,GB/T,,,NY,Northeast,(DCT) Day Cab Tractor,(FRG) Freight,"(NIN) Nonroad, Industrial/MH ",(YDT) Yard Tractor,(PRV) Private,(PRO) Proprietary,vehicle.ev047.fleet09.2017.orangeev.8.160..ny.frg.nin.ydt.pro.csv,
EV048,Fleet09,2017,2017,05/01/20,05/31/21,Orange EV T-Series,Orange EV,8,,,,,,,81000,Iron Phosphate,160,FALSE,,GB/T,,,IL,Midwest,(DCT) Day Cab Tractor,(FRG) Freight,"(NIN) Nonroad, Industrial/MH ",(YDT) Yard Tractor,(PRV) Private,(PRO) Proprietary,vehicle.ev048.fleet09.2017.orangeev.8.160..il.frg.nin.ydt.pro.csv,
EV049,Fleet09,2017,2017,05/01/20,05/31/21,Orange EV T-Series,Orange EV,8,,,,,,,81000,Iron Phosphate,160,FALSE,,GB/T,,,IL,Midwest,(DCT) Day Cab Tractor,(FRG) Freight,"(NIN) Nonroad, Industrial/MH ",(YDT) Yard Tractor,(PRV) Private,(PRO) Proprietary,vehicle.ev049.fleet09.2017.orangeev.8.160..il.frg.nin.ydt.pro.csv,
EV050,Fleet09,2019,2019,05/01/20,05/31/21,Orange EV T-Series,Orange EV,8,,,,,,,81000,Iron Phosphate,160,FALSE,,GB/T,,,CA,West Coast,(DCT) Day Cab Tractor,(FRG) Freight,"(NIN) Nonroad, Industrial/MH ",(YDT) Yard Tractor,(PRV) Private,(PRO) Proprietary,vehicle.ev050.fleet09.2019.orangeev.8.160..ca.frg.nin.ydt.pro.csv,
EV051,Fleet09,2019,2019,05/01/20,05/31/21,Orange EV T-Series,Orange EV,8,,,,,,,81000,Iron Phosphate,160,FALSE,,GB/T,,,CA,West Coast,(DCT) Day Cab Tractor,(FRG) Freight,"(NIN) Nonroad, Industrial/MH ",(YDT) Yard Tractor,(PRV) Private,(PRO) Proprietary,vehicle.ev051.fleet09.2019.orangeev.8.160..ca.frg.nin.ydt.pro.csv,
EV052,Fleet09,2019,2019,05/01/20,05/31/21,Orange EV T-Series,Orange EV,8,,,,,,,81000,Iron Phosphate,160,FALSE,,GB/T,,,CA,West Coast,(DCT) Day Cab Tractor,(FRG) Freight,"(NIN) Nonroad, Industrial/MH ",(YDT) Yard Tractor,(PRV) Private,(PRO) Proprietary,vehicle.ev052.fleet09.2019.orangeev.8.160..ca.frg.nin.ydt.pro.csv,
EV053,Fleet10,2017,2015,2/4/2021,5/26/2022,Lion C,Lion Electric,8,,,155,,250,2500,,,210,FALSE,50,,Medium,,CA,West Coast,"(BSC) Bus, School",(PTR) Passenger Transportation,(PSC) School Bus,(SCH) School Bus,(GLO) Government: Local,(GEO) Geotab,vehicle.ev053.fleet10.2017.lionelectric.8.210.50.ca.ptr.psc.sch.geo.csv,vehicle.ev053.fleet10.2017.lionelectric.8.210.50.ca.ptr.psc.sch.geo.csv
EV054,Fleet10,2019,2019,2/8/2021,6/30/2022,Vision Electric,Bluebird Electric,8,,,120,,315,2400,,Lithium-ion,155,FALSE,350,,Medium,,CA,West Coast,"(BSC) Bus, School",(PTR) Passenger Transportation,(PSC) School Bus,(SCH) School Bus,(GLO) Government: Local,(GEO) Geotab,vehicle.ev054.fleet10.2019.bluebirdelectric.8.155.350.ca.ptr.psc.sch.geo.csv,vehicle.ev054.fleet10.2019.bluebirdelectric.8.155.350.ca.ptr.psc.sch.geo.csv
EV055,Fleet10,2017,2015,1/1/2021,6/30/2022,Lion C,Lion Electric,8,,,155,,250,2500,,Lithium-ion,210,FALSE,50,,Medium,,CA,West Coast,"(BSC) Bus, School",(PTR) Passenger Transportation,(PSC) School Bus,(SCH) School Bus,(GLO) Government: Local,(GEO) Geotab,vehicle.ev055.fleet10.2017.lionelectric.8.210.50.ca.ptr.psc.sch.geo.csv,vehicle.ev055.fleet10.2017.lionelectric.8.210.50.ca.ptr.psc.sch.geo.csv
EV056,Fleet10,2017,2015,1/1/2021,2/21/2022,Lion C,Lion Electric,8,,,155,,250,2500,,Lithium-ion,210,FALSE,50,,Medium,,CA,West Coast,"(BSC) Bus, School",(PTR) Passenger Transportation,(PSC) School Bus,(SCH) School Bus,(GLO) Government: Local,(GEO) Geotab,vehicle.ev056.fleet10.2017.lionelectric.8.210.50.ca.ptr.psc.sch.geo.csv,vehicle.ev056.fleet10.2017.lionelectric.8.210.50.ca.ptr.psc.sch.geo.csv
EV057,Fleet10,2017,2015,1/21/2021,5/23/2022,Lion C,Lion Electric,8,,,155,,250,2500,,Lithium-ion,210,FALSE,50,,Medium,,CA,West Coast,"(BSC) Bus, School",(PTR) Passenger Transportation,(PSC) School Bus,(SCH) School Bus,(GLO) Government: Local,(GEO) Geotab,vehicle.ev057.fleet10.2017.lionelectric.8.210.50.ca.ptr.psc.sch.geo.csv,vehicle.ev057.fleet10.2017.lionelectric.8.210.50.ca.ptr.psc.sch.geo.csv
EV058,Fleet10,2017,2015,1/19/2021,6/6/2022,Lion C,Lion Electric,8,,,155,,250,2500,,Lithium-ion,210,FALSE,50,,Medium,,CA,West Coast,"(BSC) Bus, School",(PTR) Passenger Transportation,(PSC) School Bus,(SCH) School Bus,(GLO) Government: Local,(GEO) Geotab,vehicle.ev058.fleet10.2017.lionelectric.8.210.50.ca.ptr.psc.sch.geo.csv,vehicle.ev058.fleet10.2017.lionelectric.8.210.50.ca.ptr.psc.sch.geo.csv
EV059,Fleet10,2017,2015,1/27/2021,7/1/2022,Lion C,Lion Electric,8,,,155,,250,2500,,Lithium-ion,210,FALSE,50,,Medium,,CA,West Coast,"(BSC) Bus, School",(PTR) Passenger Transportation,(PSC) School Bus,(SCH) School Bus,(GLO) Government: Local,(GEO) Geotab,vehicle.ev059.fleet10.2017.lionelectric.8.210.50.ca.ptr.psc.sch.geo.csv,vehicle.ev059.fleet10.2017.lionelectric.8.210.50.ca.ptr.psc.sch.geo.csv
EV060,Fleet10,2017,2015,1/6/2021,1/20/2022,Lion C,Lion Electric,8,,,155,,250,2500,,Lithium-ion,210,FALSE,50,,Medium,,CA,West Coast,"(BSC) Bus, School",(PTR) Passenger Transportation,(PSC) School Bus,(SCH) School Bus,(GLO) Government: Local,(GEO) Geotab,vehicle.ev060.fleet10.2017.lionelectric.8.210.50.ca.ptr.psc.sch.geo.csv,vehicle.ev060.fleet10.2017.lionelectric.8.210.50.ca.ptr.psc.sch.geo.csv
EV061,Fleet10,2019,2019,1/28/2021,6/29/2022,Vision Electric,Bluebird Electric,8,,,120,`,315,2400,,Lithium-ion,155,FALSE,350,,Medium,,CA,West Coast,"(BSC) Bus, School",(PTR) Passenger Transportation,(PSC) School Bus,(SCH) School Bus,(GLO) Government: Local,(GEO) Geotab,vehicle.ev061.fleet10.2019.bluebirdelectric.8.155.350.ca.ptr.psc.sch.geo.csv,vehicle.ev061.fleet10.2019.bluebirdelectric.8.155.350.ca.ptr.psc.sch.geo.csv
EV062,Fleet10,2019,2019,1/21/2021,6/29/2022,Vision Electric,Bluebird Electric,8,,,120,,315,2400,,Lithium-ion,155,FALSE,350,,Medium,,CA,West Coast,"(BSC) Bus, School",(PTR) Passenger Transportation,(PSC) School Bus,(SCH) School Bus,(GLO) Government: Local,(GEO) Geotab,vehicle.ev062.fleet10.2019.bluebirdelectric.8.155.350.ca.ptr.psc.sch.geo.csv,vehicle.ev062.fleet10.2019.bluebirdelectric.8.155.350.ca.ptr.psc.sch.geo.csv
EV063,Fleet10,2019,2019,1/28/2021,7/1/2022,Vision Electric,Bluebird Electric,8,,,120,,315,2400,,Lithium-ion,155,FALSE,350,,Medium,,CA,West Coast,"(BSC) Bus, School",(PTR) Passenger Transportation,(PSC) School Bus,(SCH) School Bus,(GLO) Government: Local,(GEO) Geotab,vehicle.ev063.fleet10.2019.bluebirdelectric.8.155.350.ca.ptr.psc.sch.geo.csv,vehicle.ev063.fleet10.2019.bluebirdelectric.8.155.350.ca.ptr.psc.sch.geo.csv
EV064,Fleet10,2019,2019,2/9/2021,6/30/2022,Vision Electric,Bluebird Electric,8,,,120,,315,2400,,Lithium-ion,155,FALSE,350,,Medium,,CA,West Coast,"(BSC) Bus, School",(PTR) Passenger Transportation,(PSC) School Bus,(SCH) School Bus,(GLO) Government: Local,(GEO) Geotab,vehicle.ev064.fleet10.2019.bluebirdelectric.8.155.350.ca.ptr.psc.sch.geo.csv,vehicle.ev064.fleet10.2019.bluebirdelectric.8.155.350.ca.ptr.psc.sch.geo.csv
EV065,Fleet28,2021,,,,,New Flyer,8,,,,,,,,,388,FALSE,450,,,,MT,Rocky Mountain,"(BNS) Bus, Non-School",(PTR) Passenger Transportation,(PTR) Transit Bus,(TRA) Transit Bus,(GLO) Government: Local,(VIR) ViriCiti,vehicle.ev065.fleet28.2021.newflyer.8.388.450.mt.ptr.ptr.tra.vir.csv,
EV066,Fleet28,2021,,,,,New Flyer,8,,,,,,,,,388,FALSE,450,,,,MT,Rocky Mountain,"(BNS) Bus, Non-School",(PTR) Passenger Transportation,(PTR) Transit Bus,(TRA) Transit Bus,(GLO) Government: Local,(VIR) ViriCiti,vehicle.ev066.fleet28.2021.newflyer.8.388.450.mt.ptr.ptr.tra.vir.csv,
EV067,Fleet10,,,,,,,8,,,,,,,,,,FALSE,,,,,CA,West Coast,"(BSC) Bus, School",(PTR) Passenger Transportation,(PSC) School Bus,(SCH) School Bus,(GLO) Government: Local,(GEO) Geotab,vehicle.ev067.fleet10...8...ca.ptr.psc.sch.geo.csv,
EV068,Fleet10,,,,,,,8,,,,,,,,,,FALSE,,,,,CA,West Coast,"(BSC) Bus, School",(PTR) Passenger Transportation,(PSC) School Bus,(SCH) School Bus,(GLO) Government: Local,(GEO) Geotab,vehicle.ev068.fleet10...8...ca.ptr.psc.sch.geo.csv,
EV069,Fleet11,2019,2019,01/02/20,02/28/22,XE40,New Flyer,8,,,225,,,,,Lithium-ion,440,TRUE,150,,Medium,,CO,Rocky Mountain,"(BNS) Bus, Non-School",(PTR) Passenger Transportation,(PTR) Transit Bus,(TRA) Transit Bus,(GLO) Government: Local,(PRO) Proprietary,vehicle.ev069.fleet11.2019.newflyer.8.440.150.co.ptr.ptr.tra.pro.csv,vehicle.ev069.fleet11.2019.newflyer.8.440.150.co.ptr.ptr.tra.pro.csv
EV070,Fleet11,2019,2019,01/21/20,02/28/22,XE40,New Flyer,8,,,225,,,,,Lithium-ion,440,TRUE,150,,Medium,,CO,Rocky Mountain,"(BNS) Bus, Non-School",(PTR) Passenger Transportation,(PTR) Transit Bus,(TRA) Transit Bus,(GLO) Government: Local,(PRO) Proprietary,vehicle.ev070.fleet11.2019.newflyer.8.440.150.co.ptr.ptr.tra.pro.csv,vehicle.ev070.fleet11.2019.newflyer.8.440.150.co.ptr.ptr.tra.pro.csv
EV071,Fleet11,2019,2019,01/20/20,12/27/21,XE40,New Flyer,8,,,225,,,,,Lithium-ion,440,TRUE,150,,Medium,,CO,Rocky Mountain,"(BNS) Bus, Non-School",(PTR) Passenger Transportation,(PTR) Transit Bus,(TRA) Transit Bus,(GLO) Government: Local,(PRO) Proprietary,vehicle.ev071.fleet11.2019.newflyer.8.440.150.co.ptr.ptr.tra.pro.csv,vehicle.ev071.fleet11.2019.newflyer.8.440.150.co.ptr.ptr.tra.pro.csv
EV072,Fleet11,2019,2019,01/01/20,02/28/22,XE40,New Flyer,8,,,225,,,,,Lithium-ion,440,TRUE,150,,Medium,,CO,Rocky Mountain,"(BNS) Bus, Non-School",(PTR) Passenger Transportation,(PTR) Transit Bus,(TRA) Transit Bus,(GLO) Government: Local,(PRO) Proprietary,vehicle.ev072.fleet11.2019.newflyer.8.440.150.co.ptr.ptr.tra.pro.csv,vehicle.ev072.fleet11.2019.newflyer.8.440.150.co.ptr.ptr.tra.pro.csv
EV073,Fleet11,2019,2019,01/01/20,02/27/21,XE40,New Flyer,8,,,225,,,,,Lithium-ion,440,TRUE,150,,Medium,,CO,Rocky Mountain,"(BNS) Bus, Non-School",(PTR) Passenger Transportation,(PTR) Transit Bus,(TRA) Transit Bus,(GLO) Government: Local,(PRO) Proprietary,vehicle.ev073.fleet11.2019.newflyer.8.440.150.co.ptr.ptr.tra.pro.csv,vehicle.ev073.fleet11.2019.newflyer.8.440.150.co.ptr.ptr.tra.pro.csv
EV074,Fleet11,2019,2019,01/01/20,02/28/21,XE40,New Flyer,8,,,225,,,,,Lithium-ion,440,TRUE,150,,Medium,,CO,Rocky Mountain,"(BNS) Bus, Non-School",(PTR) Passenger Transportation,(PTR) Transit Bus,(TRA) Transit Bus,(GLO) Government: Local,(PRO) Proprietary,vehicle.ev074.fleet11.2019.newflyer.8.440.150.co.ptr.ptr.tra.pro.csv,vehicle.ev074.fleet11.2019.newflyer.8.440.150.co.ptr.ptr.tra.pro.csv
EV075,Fleet11,2019,2019,01/01/20,02/28/22,XE40,New Flyer,8,,,225,,,,,Lithium-ion,440,TRUE,150,,Medium,,CO,Rocky Mountain,"(BNS) Bus, Non-School",(PTR) Passenger Transportation,(PTR) Transit Bus,(TRA) Transit Bus,(GLO) Government: Local,(PRO) Proprietary,vehicle.ev075.fleet11.2019.newflyer.8.440.150.co.ptr.ptr.tra.pro.csv,vehicle.ev075.fleet11.2019.newflyer.8.440.150.co.ptr.ptr.tra.pro.csv
EV076,Fleet11,2019,2019,01/01/20,02/28/22,XE40,New Flyer,8,,,225,,,,,Lithium-ion,440,TRUE,150,,Medium,,CO,Rocky Mountain,"(BNS) Bus, Non-School",(PTR) Passenger Transportation,(PTR) Transit Bus,(TRA) Transit Bus,(GLO) Government: Local,(PRO) Proprietary,vehicle.ev076.fleet11.2019.newflyer.8.440.150.co.ptr.ptr.tra.pro.csv,vehicle.ev076.fleet11.2019.newflyer.8.440.150.co.ptr.ptr.tra.pro.csv
EV077,Fleet12,2019,2019,05/01/19,01/10/20,,Motiv,4,,,75,,,,,Sodium Nickel,85,FALSE,19,Meltric,Large,,CA,West Coast,(SWV) Step/Walk-in Van,(FRG) Freight,"(FLO) Freight, Local",(MDV) Medium-Duty Step Van,(GUS) Government: U.S.,(VIR) Viriciti,vehicle.ev077.fleet12.2019.motiv.4.85.19.ca.frg.flo.mdv.vir.csv,
EV078,Fleet12,2019,2019,05/01/19,01/10/20,,Motiv,4,,,75,,,,,Sodium Nickel,85,FALSE,19,Meltric,Large,,CA,West Coast,(SWV) Step/Walk-in Van,(FRG) Freight,"(FLO) Freight, Local",(MDV) Medium-Duty Step Van,(GUS) Government: U.S.,(VIR) Viriciti,vehicle.ev078.fleet12.2019.motiv.4.85.19.ca.frg.flo.mdv.vir.csv,
EV079,Fleet12,2019,2019,05/01/19,01/10/20,,Motiv,4,,,75,,,,,Sodium Nickel,85,FALSE,19,Meltric,Large,,CA,West Coast,(SWV) Step/Walk-in Van,(FRG) Freight,"(FLO) Freight, Local",(MDV) Medium-Duty Step Van,(GUS) Government: U.S.,(VIR) Viriciti,vehicle.ev079.fleet12.2019.motiv.4.85.19.ca.frg.flo.mdv.vir.csv,
EV080,Fleet12,2019,2019,05/01/19,01/10/20,,Motiv,4,,,75,,,,,Sodium Nickel,85,FALSE,19,Meltric,Large,,CA,West Coast,(SWV) Step/Walk-in Van,(FRG) Freight,"(FLO) Freight, Local",(MDV) Medium-Duty Step Van,(GUS) Government: U.S.,(VIR) Viriciti,vehicle.ev080.fleet12.2019.motiv.4.85.19.ca.frg.flo.mdv.vir.csv,
EV081,Fleet12,2019,2019,05/01/19,01/10/20,,Motiv,4,,,75,,,,,Sodium Nickel,85,FALSE,19,Meltric,Large,,CA,West Coast,(SWV) Step/Walk-in Van,(FRG) Freight,"(FLO) Freight, Local",(MDV) Medium-Duty Step Van,(GUS) Government: U.S.,(VIR) Viriciti,vehicle.ev081.fleet12.2019.motiv.4.85.19.ca.frg.flo.mdv.vir.csv,
EV082,Fleet12,2019,2019,05/01/19,11/30/20,,Cummins,4,,,75,,,,,Lithium-ion,100,FALSE,15,J1772,Large,,CA,West Coast,(SWV) Step/Walk-in Van,(FRG) Freight,"(FLO) Freight, Local",(MDV) Medium-Duty Step Van,(GUS) Government: U.S.,(FLE) Fleet Karma,vehicle.ev082.fleet12.2019.cummins.4.100.15.ca.frg.flo.mdv.fle.csv,
EV083,Fleet12,2019,2019,05/01/19,11/30/20,,Cummins,4,,,75,,,,,Lithium-ion,100,FALSE,15,J1772,Large,,CA,West Coast,(SWV) Step/Walk-in Van,(FRG) Freight,"(FLO) Freight, Local",(MDV) Medium-Duty Step Van,(GUS) Government: U.S.,(FLE) Fleet Karma,vehicle.ev083.fleet12.2019.cummins.4.100.15.ca.frg.flo.mdv.fle.csv,
EV084,Fleet12,2019,2019,05/01/19,11/30/20,,Cummins,4,,,75,,,,,Lithium-ion,100,FALSE,15,J1772,Large,,CA,West Coast,(SWV) Step/Walk-in Van,(FRG) Freight,"(FLO) Freight, Local",(MDV) Medium-Duty Step Van,(GUS) Government: U.S.,(FLE) Fleet Karma,vehicle.ev084.fleet12.2019.cummins.4.100.15.ca.frg.flo.mdv.fle.csv,
EV085,Fleet12,2019,2019,05/01/19,11/30/20,,Cummins,4,,,75,,,,,Lithium-ion,100,FALSE,15,J1772,Large,,CA,West Coast,(SWV) Step/Walk-in Van,(FRG) Freight,"(FLO) Freight, Local",(MDV) Medium-Duty Step Van,(GUS) Government: U.S.,(FLE) Fleet Karma,vehicle.ev085.fleet12.2019.cummins.4.100.15.ca.frg.flo.mdv.fle.csv,
EV086,Fleet12,2019,2019,05/01/19,11/30/20,,Cummins,4,,,75,,,,,Lithium-ion,100,FALSE,15,J1772,Large,,CA,West Coast,(SWV) Step/Walk-in Van,(FRG) Freight,"(FLO) Freight, Local",(MDV) Medium-Duty Step Van,(GUS) Government: U.S.,(FLE) Fleet Karma,vehicle.ev086.fleet12.2019.cummins.4.100.15.ca.frg.flo.mdv.fle.csv,
EV087,Fleet13,2019,2019,05/01/20,05/31/21,Orange EV T-Series,Orange EV,8,,,,,,,81000,Iron Phosphate,160,FALSE,,GB/T,,,CA,West Coast,(DCT) Day Cab Tractor,(FRG) Freight,"(NIN) Nonroad, Industrial/MH ",(YDT) Yard Tractor,(PRV) Private,(PRO) Proprietary,vehicle.ev087.fleet13.2019.orangeev.8.160..ca.frg.nin.ydt.pro.csv,
EV088,Fleet13,2019,2019,05/01/20,05/31/21,Orange EV T-Series,Orange EV,8,,,,,,,81000,Iron Phosphate,160,FALSE,,GB/T,,,CA,West Coast,(DCT) Day Cab Tractor,(FRG) Freight,"(NIN) Nonroad, Industrial/MH ",(YDT) Yard Tractor,(PRV) Private,(PRO) Proprietary,vehicle.ev088.fleet13.2019.orangeev.8.160..ca.frg.nin.ydt.pro.csv,
EV089,Fleet13,2019,2019,05/01/20,05/31/21,Orange EV T-Series,Orange EV,8,,,,,,,81000,Iron Phosphate,160,FALSE,,GB/T,,,CA,West Coast,(DCT) Day Cab Tractor,(FRG) Freight,"(NIN) Nonroad, Industrial/MH ",(YDT) Yard Tractor,(PRV) Private,(PRO) Proprietary,vehicle.ev089.fleet13.2019.orangeev.8.160..ca.frg.nin.ydt.pro.csv,
EV090,Fleet14,2019,2019,05/01/20,05/31/21,Orange EV T-Series,Orange EV,8,,,,,,,81000,Iron Phosphate,160,FALSE,,GB/T,,,CA,West Coast,(DCT) Day Cab Tractor,(FRG) Freight,"(NIN) Nonroad, Industrial/MH ",(YDT) Yard Tractor,(PRV) Private,(PRO) Proprietary,vehicle.ev090.fleet14.2019.orangeev.8.160..ca.frg.nin.ydt.pro.csv,
EV091,Fleet14,2020,2020,05/01/20,05/31/21,Orange EV T-Series,Orange EV,8,,,,,,,81000,Iron Phosphate,160,FALSE,,GB/T,,,CA,West Coast,(DCT) Day Cab Tractor,(FRG) Freight,"(NIN) Nonroad, Industrial/MH ",(YDT) Yard Tractor,(PRV) Private,(PRO) Proprietary,vehicle.ev091.fleet14.2020.orangeev.8.160..ca.frg.nin.ydt.pro.csv,
EV092,Fleet14,2019,2019,05/01/20,05/31/21,Orange EV T-Series,Orange EV,8,,,,,,,81000,Iron Phosphate,160,FALSE,,GB/T,,,CA,West Coast,(DCT) Day Cab Tractor,(FRG) Freight,"(NIN) Nonroad, Industrial/MH ",(YDT) Yard Tractor,(PRV) Private,(PRO) Proprietary,vehicle.ev092.fleet14.2019.orangeev.8.160..ca.frg.nin.ydt.pro.csv,
EV093,Fleet15,2019,2020,02/18/20,07/23/21,Ottawa T2E Terminal Tractor,Kalmar,8,14600,,76,2.3,160,,80000,Lithium-ion,220,FALSE,68,,,,CA,West Coast,(DCT) Day Cab Tractor,(FRG) Freight,"(NIN) Nonroad, Industrial/MH ",(YDT) Yard Tractor,(PRV) Private,(VIR) Viriciti,vehicle.ev093.fleet15.2019.kalmar.8.220.68.ca.frg.nin.ydt.vir.csv,
EV094,Fleet16,2018,2018,05/25/18,06/30/21,,Proterra,8,,900000,200,,220,,,,440,TRUE,60,,Large,9,MN,Midwest,"(BNS) Bus, Non-School",(PTR) Passenger Transportation,(PTR) Transit Bus,(TRA) Transit Bus,(GLO) Government: Local,(PRO) Proprietary,vehicle.ev094.fleet16.2018.proterra.8.440.60.mn.ptr.ptr.tra.pro.csv,vehicle.ev094.fleet016.2018.proterra.8.440.60.mn.ptr.ptr.tra.pro.csv
EV095,Fleet16,2018,2018,05/25/18,06/30/21,,Proterra,8,,900000,200,,220,,,,440,TRUE,60,,Large,9,MN,Midwest,"(BNS) Bus, Non-School",(PTR) Passenger Transportation,(PTR) Transit Bus,(TRA) Transit Bus,(GLO) Government: Local,(PRO) Proprietary,vehicle.ev095.fleet16.2018.proterra.8.440.60.mn.ptr.ptr.tra.pro.csv,vehicle.ev095.fleet016.2018.proterra.8.440.60.mn.ptr.ptr.tra.pro.csv
EV096,Fleet16,2018,2018,05/25/18,06/30/21,,Proterra,8,,900000,200,,220,,,,440,TRUE,60,,Large,9,MN,Midwest,"(BNS) Bus, Non-School",(PTR) Passenger Transportation,(PTR) Transit Bus,(TRA) Transit Bus,(GLO) Government: Local,(PRO) Proprietary,vehicle.ev096.fleet16.2018.proterra.8.440.60.mn.ptr.ptr.tra.pro.csv,vehicle.ev096.fleet016.2018.proterra.8.440.60.mn.ptr.ptr.tra.pro.csv
EV097,Fleet16,2018,2018,05/25/18,06/30/21,,Proterra,8,,900000,200,,220,,,,440,TRUE,60,,Large,9,MN,Midwest,"(BNS) Bus, Non-School",(PTR) Passenger Transportation,(PTR) Transit Bus,(TRA) Transit Bus,(GLO) Government: Local,(PRO) Proprietary,vehicle.ev097.fleet16.2018.proterra.8.440.60.mn.ptr.ptr.tra.pro.csv,vehicle.ev097.fleet016.2018.proterra.8.440.60.mn.ptr.ptr.tra.pro.csv
EV098,Fleet16,2018,2018,05/25/18,06/30/21,,Proterra,8,,900000,200,,220,,,,440,TRUE,60,,Large,9,MN,Midwest,"(BNS) Bus, Non-School",(PTR) Passenger Transportation,(PTR) Transit Bus,(TRA) Transit Bus,(GLO) Government: Local,(PRO) Proprietary,vehicle.ev098.fleet16.2018.proterra.8.440.60.mn.ptr.ptr.tra.pro.csv,vehicle.ev098.fleet016.2018.proterra.8.440.60.mn.ptr.ptr.tra.pro.csv
EV099,Fleet16,2018,2018,05/25/18,06/30/21,,Proterra,8,,900000,200,,220,,,,440,TRUE,60,,Large,9,MN,Midwest,"(BNS) Bus, Non-School",(PTR) Passenger Transportation,(PTR) Transit Bus,(TRA) Transit Bus,(GLO) Government: Local,(PRO) Proprietary,vehicle.ev099.fleet16.2018.proterra.8.440.60.mn.ptr.ptr.tra.pro.csv,vehicle.ev099.fleet016.2018.proterra.8.440.60.mn.ptr.ptr.tra.pro.csv
EV100,Fleet16,2018,2018,05/25/18,06/30/21,,Proterra,8,,900000,200,,220,,,,440,TRUE,70,,Large,9,MN,Midwest,"(BNS) Bus, Non-School",(PTR) Passenger Transportation,(PTR) Transit Bus,(TRA) Transit Bus,(GLO) Government: Local,(PRO) Proprietary,vehicle.ev100.fleet16.2018.proterra.8.440.70.mn.ptr.ptr.tra.pro.csv,vehicle.ev100.fleet016.2018.proterra.8.440.70.mn.ptr.ptr.tra.pro.csv
EV101,Fleet17,2020,2020,10/01/20,09/30/21,,Peterbilt,6,,,100,,,,,,148,FALSE,70,,Large,39,CA,West Coast,(BXT) Box Truck,(FAB) Food & Beverage ,"(FRE) Freight, Regional ",(MDT) Medium-Duty Truck,(PRV) Private,(VIR) ViriCiti,vehicle.ev101.fleet17.2020.peterbilt.6.148.70.ca.fab.fre.mdt.vir.csv,vehicle.ev101.fleet17.2020.peterbilt.6.148.70.ca.fab.fre.mdt.vir.csv
EV102,Fleet17,2020,2020,10/05/20,09/30/21,,Peterbilt,6,,,100,,,,,,148,FALSE,70,,Large,39,CA,West Coast,(BXT) Box Truck,(FAB) Food & Beverage ,"(FRE) Freight, Regional ",(MDT) Medium-Duty Truck,(PRV) Private,(VIR) ViriCiti,vehicle.ev102.fleet17.2020.peterbilt.6.148.70.ca.fab.fre.mdt.vir.csv,vehicle.ev102.fleet17.2020.peterbilt.6.148.70.ca.fab.fre.mdt.vir.csv
EV103,Fleet17,2020,2020,10/01/20,09/29/21,,Peterbilt,6,,,100,,,,,,148,FALSE,70,,Large,39,CA,West Coast,(BXT) Box Truck,(FAB) Food & Beverage ,"(FRE) Freight, Regional ",(MDT) Medium-Duty Truck,(PRV) Private,(VIR) ViriCiti,vehicle.ev103.fleet17.2020.peterbilt.6.148.70.ca.fab.fre.mdt.vir.csv,vehicle.ev103.fleet17.2020.peterbilt.6.148.70.ca.fab.fre.mdt.vir.csv
EV104,Fleet17,2020,2020,10/01/20,09/28/21,,Peterbilt,6,,,100,,,,,,148,FALSE,70,,Large,39,CA,West Coast,(BXT) Box Truck,(FAB) Food & Beverage ,"(FRE) Freight, Regional ",(MDT) Medium-Duty Truck,(PRV) Private,(VIR) ViriCiti,vehicle.ev104.fleet17.2020.peterbilt.6.148.70.ca.fab.fre.mdt.vir.csv,vehicle.ev104.fleet17.2020.peterbilt.6.148.70.ca.fab.fre.mdt.vir.csv
EV105,Fleet17,2020,2020,10/01/20,09/29/21,,Peterbilt,6,,,100,,,,,,148,FALSE,70,,Large,39,CA,West Coast,(BXT) Box Truck,(FAB) Food & Beverage ,"(FRE) Freight, Regional ",(MDT) Medium-Duty Truck,(PRV) Private,(VIR) ViriCiti,vehicle.ev105.fleet17.2020.peterbilt.6.148.70.ca.fab.fre.mdt.vir.csv,vehicle.ev105.fleet17.2020.peterbilt.6.148.70.ca.fab.fre.mdt.vir.csv
EV106,Fleet17,2020,2020,10/01/20,09/29/21,,Peterbilt,6,,,100,,,,,,148,FALSE,70,,Large,39,CA,West Coast,(BXT) Box Truck,(FAB) Food & Beverage ,"(FRE) Freight, Regional ",(MDT) Medium-Duty Truck,(PRV) Private,(VIR) ViriCiti,vehicle.ev106.fleet17.2020.peterbilt.6.148.70.ca.fab.fre.mdt.vir.csv,vehicle.ev106.fleet17.2020.peterbilt.6.148.70.ca.fab.fre.mdt.vir.csv
EV107,Fleet17,2020,2020,10/01/20,09/30/21,Q1M,BYD,8,,,,3.9,,,,Iron Phosphate,218,FALSE,100,,Large,39,CA,West Coast,(DCT) Day Cab Tractor,(FAB) Food & Beverage ,"(NIN) Nonroad, Industrial/MH ",(YDT) Yard Tractor,(PRV) Private,(GEO) Geotab,vehicle.ev107.fleet17.2020.byd.8.218.100.ca.fab.nin.ydt.geo.csv,vehicle.ev107.fleet17.2020.byd.8.218.100.ca.fab.nin.ydt.geo.csv
EV108,Fleet17,2020,2020,10/01/20,09/30/21,Q1M,BYD,8,,,,3.9,,,,Iron Phosphate,218,FALSE,100,,Large,39,CA,West Coast,(DCT) Day Cab Tractor,(FAB) Food & Beverage ,"(NIN) Nonroad, Industrial/MH ",(YDT) Yard Tractor,(PRV) Private,(GEO) Geotab,vehicle.ev108.fleet17.2020.byd.8.218.100.ca.fab.nin.ydt.geo.csv,vehicle.ev108.fleet17.2020.byd.8.218.100.ca.fab.nin.ydt.geo.csv
EV109,Fleet17,2020,2020,10/05/20,09/30/21,Q1M,BYD,8,,,,3.9,,,,Iron Phosphate,218,FALSE,100,,Large,39,CA,West Coast,(DCT) Day Cab Tractor,(FAB) Food & Beverage ,"(NIN) Nonroad, Industrial/MH ",(YDT) Yard Tractor,(PRV) Private,(GEO) Geotab,vehicle.ev109.fleet17.2020.byd.8.218.100.ca.fab.nin.ydt.geo.csv,vehicle.ev109.fleet17.2020.byd.8.218.100.ca.fab.nin.ydt.geo.csv
EV110,Fleet18,2020,2020,01/01/20,12/31/20,Orange EV T-Series,Orange EV,8,,,,,,,81000,Iron Phosphate,80,FALSE,22,GB/T,Medium,,CA,West Coast,(DCT) Day Cab Tractor,(FRG) Freight,"(NIN) Nonroad, Industrial/MH ",(YDT) Yard Tractor,(LTL) Less-than-truckload,(PRO) Proprietary,vehicle.ev110.fleet18.2020.orangeev.8.80.22.ca.frg.nin.ydt.pro.csv,vehicle.ev110.fleet018.2020.orangeev.8.80.22.ca.frg.nin.ydt.pro.csv
EV111,Fleet18,2020,2020,01/01/20,12/31/20,Orange EV T-Series,Orange EV,8,,,,,,,81000,Iron Phosphate,160,FALSE,22,GB/T,Medium,,CA,West Coast,(DCT) Day Cab Tractor,(FRG) Freight,"(NIN) Nonroad, Industrial/MH ",(YDT) Yard Tractor,(LTL) Less-than-truckload,(PRO) Proprietary,vehicle.ev111.fleet18.2020.orangeev.8.160.22.ca.frg.nin.ydt.pro.csv,vehicle.ev111.fleet018.2020.orangeev.8.160.22.ca.frg.nin.ydt.pro.csv
EV112,Fleet19,2020,2020,08/31/20,12/01/20,Ottawa T2E Terminal Tractor,Kalmar,8,,300000,,2.5,,,,,176,FALSE,10,,Medium,,CA,West Coast,(DCT) Day Cab Tractor,(FRG) Freight,"(NIN) Nonroad, Industrial/MH ",(YDT) Yard Tractor,(LTL) Less-than-truckload,(PRO) Proprietary,vehicle.ev112.fleet19.2020.kalmar.8.176.10.ca.frg.nin.ydt.pro.csv,vehicle.ev112.fleet019.2020.kalmar.8.176.10.ca.frg.nin.ydt.pro.csv
EV113,Fleet19,2020,2020,08/31/20,12/01/20,Ottawa T2E Terminal Tractor,Kalmar,8,,300000,,2.5,,,,,176,FALSE,10,,Medium,,CA,West Coast,(DCT) Day Cab Tractor,(FRG) Freight,"(NIN) Nonroad, Industrial/MH ",(YDT) Yard Tractor,(LTL) Less-than-truckload,(PRO) Proprietary,vehicle.ev113.fleet19.2020.kalmar.8.176.10.ca.frg.nin.ydt.pro.csv,vehicle.ev113.fleet019.2020.kalmar.8.176.10.ca.frg.nin.ydt.pro.csv
EV114,Fleet20,2021,2021,04/21/21,12/04/21,VNR,Volvo,7,,350000,150,1.76,340,5509,,,264,FALSE,150,CCS type 1,Large,,CA,West Coast,(BXT) Box Truck,(FRG) Freight,"(FRE) Freight, Regional ",(HDT) Heavy-Duty Truck,(LTL) Less-than-truckload,(GEO) Geotab,vehicle.ev114.fleet20.2021.volvo.7.264.150.ca.frg.fre.hdt.geo.csv,vehicle.ev114.fleet20.2021.volvo.7.264.150.ca.frg.fre.hdt.geo.csv
EV115,Fleet21,2021,2021,05/20/21,12/02/21,VNR,Volvo,8,,350000,120,2.2,340,5509,,,264,FALSE,150,CCS type 1,Large,,CA,West Coast,(DCT) Day Cab Tractor,(FRG) Freight,"(FRE) Freight, Regional ",(HDT) Heavy-Duty Truck,(LTL) Less-than-truckload,(GEO) Geotab,vehicle.ev115.fleet21.2021.volvo.8.264.150.ca.frg.fre.hdt.geo.csv,vehicle.ev115.fleet21.2021.volvo.8.264.150.ca.frg.fre.hdt.geo.csv
EV116,Fleet21,2021,2021,05/27/21,12/02/21,VNR,Volvo,8,,350000,120,2.2,340,5509,,,264,FALSE,150,CCS type 1,Large,,CA,West Coast,(DCT) Day Cab Tractor,(FRG) Freight,"(FRE) Freight, Regional ",(HDT) Heavy-Duty Truck,(LTL) Less-than-truckload,(GEO) Geotab,vehicle.ev116.fleet21.2021.volvo.8.264.150.ca.frg.fre.hdt.geo.csv,vehicle.ev116.fleet21.2021.volvo.8.264.150.ca.frg.fre.hdt.geo.csv
EV117,Fleet22,2021,2021,04/21/21,11/26/21,VNR,Volvo,8,,350000,120,2.2,340,5509,,,264,FALSE,150,CCS type 1,Large,,CA,West Coast,(DCT) Day Cab Tractor,(FRG) Freight,"(FRE) Freight, Regional ",(HDT) Heavy-Duty Truck,(LTL) Less-than-truckload,(GEO) Geotab,vehicle.ev117.fleet22.2021.volvo.8.264.150.ca.frg.fre.hdt.geo.csv,vehicle.ev117.fleet22.2021.volvo.8.264.150.ca.frg.fre.hdt.geo.csv
EV118,Fleet22,2021,2021,04/21/21,12/05/21,VNR,Volvo,8,,350000,120,2.2,340,5509,,,264,FALSE,150,CCS type 1,Large,,CA,West Coast,(DCT) Day Cab Tractor,(FRG) Freight,"(FRE) Freight, Regional ",(HDT) Heavy-Duty Truck,(LTL) Less-than-truckload,(GEO) Geotab,vehicle.ev118.fleet22.2021.volvo.8.264.150.ca.frg.fre.hdt.geo.csv,vehicle.ev118.fleet22.2021.volvo.8.264.150.ca.frg.fre.hdt.geo.csv
EV119,Fleet23,2021,2021,04/21/22,12/03/21,VNR,Volvo,7,,350000,150,1.76,340,5509,,,264,FALSE,150,CCS type 1,Large,,CA,West Coast,(BXT) Box Truck,(FRG) Freight,"(FRE) Freight, Regional ",(HDT) Heavy-Duty Truck,(LTL) Less-than-truckload,(GEO) Geotab,vehicle.ev119.fleet23.2021.volvo.7.264.150.ca.frg.fre.hdt.geo.csv,vehicle.ev119.fleet23.2021.volvo.7.264.150.ca.frg.fre.hdt.geo.csv
EV120,Fleet24,2021,2021,05/19/21,11/20/21,VNR,Volvo,8,,350000,120,2.2,340,5509,,,264,FALSE,150,CCS type 1,Large,,CA,West Coast,(DCT) Day Cab Tractor,(FRG) Freight,"(FRE) Freight, Regional ",(HDT) Heavy-Duty Truck,(LTL) Less-than-truckload,(GEO) Geotab,vehicle.ev120.fleet24.2021.volvo.8.264.150.ca.frg.fre.hdt.geo.csv,vehicle.ev120.fleet24.2021.volvo.8.264.150.ca.frg.fre.hdt.geo.csv
EV121,Fleet24,2021,2021,04/21/21,12/03/21,VNR,Volvo,8,,350000,120,2.2,340,5509,,,264,FALSE,150,CCS type 1,Large,,CA,West Coast,(DCT) Day Cab Tractor,(FRG) Freight,"(FRE) Freight, Regional ",(HDT) Heavy-Duty Truck,(LTL) Less-than-truckload,(GEO) Geotab,vehicle.ev121.fleet24.2021.volvo.8.264.150.ca.frg.fre.hdt.geo.csv,vehicle.ev121.fleet24.2021.volvo.8.264.150.ca.frg.fre.hdt.geo.csv
EV122,Fleet25,2021,2021,04/05/21,11/16/21,VNR,Volvo,8,,350000,120,2.2,340,5509,,,264,FALSE,150,CCS type 1,LArge,,CA,West Coast,(DCT) Day Cab Tractor,(FRG) Freight,"(FRE) Freight, Regional ",(HDT) Heavy-Duty Truck,(LTL) Less-than-truckload,(GEO) Geotab,vehicle.ev122.fleet25.2021.volvo.8.264.150.ca.frg.fre.hdt.geo.csv,vehicle.ev122.fleet25.2021.volvo.8.264.150.ca.frg.fre.hdt.geo.csv
EV123,Fleet26,2021,2021,04/26/21,12/03/21,VNR,Volvo,7,,350000,150,1.76,340,5509,,,264,FALSE,150,CCS type 1,Large,,CA,West Coast,(BXT) Box Truck,(FRG) Freight,"(FRE) Freight, Regional ",(HDT) Heavy-Duty Truck,(LTL) Less-than-truckload,(GEO) Geotab,vehicle.ev123.fleet26.2021.volvo.7.264.150.ca.frg.fre.hdt.geo.csv,vehicle.ev123.fleet26.2021.volvo.7.264.150.ca.frg.fre.hdt.geo.csv
EV124,Fleet26,2021,2021,04/28/21,12/02/21,VNR,Volvo,7,,350000,150,1.76,340,5509,,,264,FALSE,150,CCS type 1,Large,,CA,West Coast,(BXT) Box Truck,(FRG) Freight,"(FRE) Freight, Regional ",(HDT) Heavy-Duty Truck,(LTL) Less-than-truckload,(GEO) Geotab,vehicle.ev124.fleet26.2021.volvo.7.264.150.ca.frg.fre.hdt.geo.csv,vehicle.ev124.fleet26.2021.volvo.7.264.150.ca.frg.fre.hdt.geo.csv
EV125,Fleet18,2021,2021,06/28/21,12/03/21,VNR,Volvo,8,,350000,120,2.2,340,5509,,,264,FALSE,150,CCS type 1,Large,,CA,West Coast,(DCT) Day Cab Tractor,(FRG) Freight,"(FRE) Freight, Regional ",(HDT) Heavy-Duty Truck,(LTL) Less-than-truckload,(GEO) Geotab,vehicle.ev125.fleet18.2021.volvo.8.264.150.ca.frg.fre.hdt.geo.csv,vehicle.ev125.fleet18.2021.volvo.8.264.150.ca.frg.fre.hdt.geo.csv
EV126,Fleet18,2021,2021,06/04/21,12/03/21,VNR,Volvo,8,,350000,120,2.2,340,5509,,,264,FALSE,150,CCS type 1,Large,,CA,West Coast,(DCT) Day Cab Tractor,(FRG) Freight,"(FRE) Freight, Regional ",(HDT) Heavy-Duty Truck,(LTL) Less-than-truckload,(GEO) Geotab,vehicle.ev126.fleet18.2021.volvo.8.264.150.ca.frg.fre.hdt.geo.csv,vehicle.ev126.fleet18.2021.volvo.8.264.150.ca.frg.fre.hdt.geo.csv
EV127,Fleet18,2020,2020,02/25/21,10/25/21,VNR,Volvo,7,,350000,150,1.76,340,5509,,,264,FALSE,150,CCS type 1,Large,,CA,West Coast,(BXT) Box Truck,(FRG) Freight,"(FRE) Freight, Regional ",(HDT) Heavy-Duty Truck,(LTL) Less-than-truckload,(PRO) Proprietary,vehicle.ev127.fleet18.2020.volvo.7.264.150.ca.frg.fre.hdt.pro.csv,vehicle.ev127.fleet18.2020.volvo.7.264.150.ca.frg.fre.hdt.pro.csv
EV128,Fleet18,2020,2020,02/25/21,12/03/21,VNR,Volvo,8,,350000,120,2.2,340,5509,,,264,FALSE,150,CCS type 1,Large,,CA,West Coast,(DCT) Day Cab Tractor,(FRG) Freight,"(FRE) Freight, Regional ",(HDT) Heavy-Duty Truck,(LTL) Less-than-truckload,(GEO) Geotab,vehicle.ev128.fleet18.2020.volvo.8.264.150.ca.frg.fre.hdt.geo.csv,vehicle.ev128.fleet18.2020.volvo.8.264.150.ca.frg.fre.hdt.geo.csv
EV129,Fleet27,2021,2021,01/04/21,04/30/21,VNR,Volvo,8,,350000,120,2.2,340,5509,,,264,FALSE,150,CCS type 1,Medium,,CA,West Coast,(DCT) Day Cab Tractor,(FRG) Freight,"(FRE) Freight, Regional ",(HDT) Heavy-Duty Truck,(LTL) Less-than-truckload,(PRO) Proprietary,vehicle.ev129.fleet27.2021.volvo.8.264.150.ca.frg.fre.hdt.pro.csv,vehicle.ev129.fleet27.2021.volvo.8.264.150.ca.frg.fre.hdt.pro.csv
EV130,Fleet19,2021,2021,03/18/21,07/15/21,VNR,Volvo,8,,350000,120,2.2,340,5509,,,264,FALSE,150,CCS type 1,Large,,CA,West Coast,(DCT) Day Cab Tractor,(FRG) Freight,"(FRE) Freight, Regional ",(HDT) Heavy-Duty Truck,(LTL) Less-than-truckload,(PRO) Proprietary,vehicle.ev130.fleet19.2021.volvo.8.264.150.ca.frg.fre.hdt.pro.csv,vehicle.ev130.fleet19.2021.volvo.8.264.150.ca.frg.fre.hdt.pro.csv
EV131,Fleet28,2019,2016,06/08/19,02/06/22,Catalyst BE35,Proterra,8,"29,658",,234,2.16,220,,,Lithium-titanate,440,TRUE,331,single-blade overhead fast-charge,Medium,40,MT,Rocky Mountain,"(BNS) Bus, Non-School",(PTR) Passenger Transportation,(PTR) Transit Bus,(TRA) Transit Bus,(GLO) Government: Local,(PRO) Proprietary,vehicle.ev131.fleet28.2019.proterra.8.440.331.mt.ptr.ptr.tra.pro.csv,vehicle.ev131.fleet28.2019.proterra.8.440.331.mt.ptr.ptr.tra.pro.csv
EV132,Fleet28,2019,2016,06/22/19,02/06/22,Catalyst BE35,Proterra,8,"29,658",,234,2.16,220,,,Lithium-titanate,440,TRUE,331,single-blade overhead fast-charge,Medium,40,MT,Rocky Mountain,"(BNS) Bus, Non-School",(PTR) Passenger Transportation,(PTR) Transit Bus,(TRA) Transit Bus,(GLO) Government: Local,(PRO) Proprietary,vehicle.ev132.fleet28.2019.proterra.8.440.331.mt.ptr.ptr.tra.pro.csv,vehicle.ev132.fleet28.2019.proterra.8.440.331.mt.ptr.ptr.tra.pro.csv
EV133,Fleet28,2019,2016,06/18/19,02/06/22,Catalyst BE35,Proterra,8,"29,658",,234,2.16,220,,,Lithium-titanate,440,TRUE,331,single-blade overhead fast-charge,Medium,40,MT,Rocky Mountain,"(BNS) Bus, Non-School",(PTR) Passenger Transportation,(PTR) Transit Bus,(TRA) Transit Bus,(GLO) Government: Local,(PRO) Proprietary,vehicle.ev133.fleet28.2019.proterra.8.440.331.mt.ptr.ptr.tra.pro.csv,vehicle.ev133.fleet28.2019.proterra.8.440.331.mt.ptr.ptr.tra.pro.csv
EV134,Fleet28,2019,2016,07/27/19,02/06/22,Catalyst BE35,Proterra,8,"29,658",,234,2.16,220,,,Lithium-titanate,440,TRUE,331,single-blade overhead fast-charge,Medium,40,MT,Rocky Mountain,"(BNS) Bus, Non-School",(PTR) Passenger Transportation,(PTR) Transit Bus,(TRA) Transit Bus,(GLO) Government: Local,(PRO) Proprietary,vehicle.ev134.fleet28.2019.proterra.8.440.331.mt.ptr.ptr.tra.pro.csv,vehicle.ev134.fleet28.2019.proterra.8.440.331.mt.ptr.ptr.tra.pro.csv
EV135,Fleet28,2019,2016,07/23/19,01/27/22,Catalyst BE35,Proterra,8,"29,658",,234,2.16,220,,,Lithium-titanate,440,TRUE,331,single-blade overhead fast-charge,Medium,40,MT,Rocky Mountain,"(BNS) Bus, Non-School",(PTR) Passenger Transportation,(PTR) Transit Bus,(TRA) Transit Bus,(GLO) Government: Local,(PRO) Proprietary,vehicle.ev135.fleet28.2019.proterra.8.440.331.mt.ptr.ptr.tra.pro.csv,vehicle.ev135.fleet28.2019.proterra.8.440.331.mt.ptr.ptr.tra.pro.csv
EV136,Fleet28,2019,2016,07/30/19,01/13/22,Catalyst BE35,Proterra,8,"29,658",,234,2.16,220,,,Lithium-titanate,440,TRUE,331,single-blade overhead fast-charge,Medium,40,MT,Rocky Mountain,"(BNS) Bus, Non-School",(PTR) Passenger Transportation,(PTR) Transit Bus,(TRA) Transit Bus,(GLO) Government: Local,(PRO) Proprietary,vehicle.ev136.fleet28.2019.proterra.8.440.331.mt.ptr.ptr.tra.pro.csv,vehicle.ev136.fleet28.2019.proterra.8.440.331.mt.ptr.ptr.tra.pro.csv
EV137,Fleet28,,,,,,Gillig,,,,,,,,,,,TRUE,,,,,,,,,,,,,vehicle.ev137.fleet28..gillig.........csv,
EV138,Fleet28,,,,,,Gillig,,,,,,,,,,,TRUE,,,,,,,,,,,,,vehicle.ev138.fleet28..gillig.........csv,
EV139,Fleet28,,,,,,Gillig,,,,,,,,,,,TRUE,,,,,,,,,,,,,vehicle.ev139.fleet28..gillig.........csv,
EV140,Fleet28,,,,,,Gillig,,,,,,,,,,,TRUE,,,,,,,,,,,,,vehicle.ev140.fleet28..gillig.........csv,
EV141,Fleet29,2016,2016,10/5/2021,12/26/2022,Catalyst BE40,Proterra,8,27500,935028,28,2.63,220,,,Lithium-titanate,94,FALSE,450,single-blade overhead fast-charge,Large,3,KY,Southeast,"(BNS) Bus, Non-School",(PTR) Passenger Transportation,(PTR) Transit Bus,(TRA) Transit Bus,(GLO) Government: Local,(VIR) Viriciti,vehicle.ev141.fleet29.2016.proterra.8.94.450.ky.ptr.ptr.tra.vir.csv,vehicle.ev141.fleet29.2016.proterra.8.94.450.ky.ptr.ptr.tra.vir.csv
EV142,Fleet29,2016,2016,10/15/2021,12/25/2022,Catalyst BE40,Proterra,8,27500,935028,28,2.63,220,,,Lithium-titanate,94,FALSE,450,single-blade overhead fast-charge,Large,3,KY,Southeast,"(BNS) Bus, Non-School",(PTR) Passenger Transportation,(PTR) Transit Bus,(TRA) Transit Bus,(GLO) Government: Local,(VIR) Viriciti,vehicle.ev142.fleet29.2016.proterra.8.94.450.ky.ptr.ptr.tra.vir.csv,vehicle.ev142.fleet29.2016.proterra.8.94.450.ky.ptr.ptr.tra.vir.csv
EV143,Fleet29,2016,2016,10/15/2021,10/7/2022,Catalyst BE40,Proterra,8,27500,935028,28,2.63,220,,,Lithium-titanate,94,FALSE,450,single-blade overhead fast-charge,Large,3,KY,Southeast,"(BNS) Bus, Non-School",(PTR) Passenger Transportation,(PTR) Transit Bus,(TRA) Transit Bus,(GLO) Government: Local,(VIR) Viriciti,vehicle.ev143.fleet29.2016.proterra.8.94.450.ky.ptr.ptr.tra.vir.csv,vehicle.ev143.fleet29.2016.proterra.8.94.450.ky.ptr.ptr.tra.vir.csv
EV144,Fleet29,2016,2016,10/12/2021,12/20/2022,Catalyst BE40,Proterra,8,27500,935028,28,2.63,220,,,Lithium-titanate,94,FALSE,450,single-blade overhead fast-charge,Large,3,KY,Southeast,"(BNS) Bus, Non-School",(PTR) Passenger Transportation,(PTR) Transit Bus,(TRA) Transit Bus,(GLO) Government: Local,(VIR) Viriciti,vehicle.ev144.fleet29.2016.proterra.8.94.450.ky.ptr.ptr.tra.vir.csv,vehicle.ev144.fleet29.2016.proterra.8.94.450.ky.ptr.ptr.tra.vir.csv
EV145,Fleet29,2016,2016,9/29/2021,12/19/2022,Catalyst BE40,Proterra,8,27500,935028,28,2.63,220,,,Lithium-titanate,94,FALSE,450,single-blade overhead fast-charge,Large,3,KY,Southeast,"(BNS) Bus, Non-School",(PTR) Passenger Transportation,(PTR) Transit Bus,(TRA) Transit Bus,(GLO) Government: Local,(VIR) Viriciti,vehicle.ev145.fleet29.2016.proterra.8.94.450.ky.ptr.ptr.tra.vir.csv,vehicle.ev145.fleet29.2016.proterra.8.94.450.ky.ptr.ptr.tra.vir.csv
EV146,Fleet29,2016,2016,,,Catalyst BE40,Proterra,8,27500,935028,28,2.63,220,,,Lithium-titanate,94,FALSE,450,single-blade overhead fast-charge,Large,3,KY,Southeast,"(BNS) Bus, Non-School",(PTR) Passenger Transportation,(PTR) Transit Bus,(TRA) Transit Bus,(GLO) Government: Local,(VIR) Viriciti,vehicle.ev146.fleet29.2016.proterra.8.94.450.ky.ptr.ptr.tra.vir.csv,
EV147,Fleet30,2019,2021,01/18/21,03/27/23,Catalyst E2,Proterra,8,32500,,251,1.75,250,900,,Lithium-ion,440,TRUE,350,J1772 CCS Type 1 and J3105,Large,1,IL,Midwest,"(BNS) Bus, Non-School",(PTR) Passenger Transportation,(PTR) Transit Bus,(TRA) Transit Bus,(GLO) Government: Local,(VIR) Viriciti,vehicle.ev147.fleet30.2019.proterra.8.440.350.il.ptr.ptr.tra.vir.csv,vehicle.ev147.fleet30.2019.proterra.8.440.350.il.ptr.ptr.tra.vir.csv
EV148,Fleet30,2019,2021,01/15/21,03/24/23,Catalyst E2,Proterra,8,32500,,251,1.75,250,900,,Lithium-ion,440,TRUE,350,J1772 CCS Type 1 and J3105,Large,1,IL,Midwest,"(BNS) Bus, Non-School",(PTR) Passenger Transportation,(PTR) Transit Bus,(TRA) Transit Bus,(GLO) Government: Local,(VIR) Viriciti,vehicle.ev148.fleet30.2019.proterra.8.440.350.il.ptr.ptr.tra.vir.csv,vehicle.ev148.fleet30.2019.proterra.8.440.350.il.ptr.ptr.tra.vir.csv
EV149,Fleet30,2019,2021,01/15/21,03/27/23,Catalyst E2,Proterra,8,32500,,251,1.75,250,900,,Lithium-ion,440,TRUE,350,J1772 CCS Type 1 and J3105,Large,1,IL,Midwest,"(BNS) Bus, Non-School",(PTR) Passenger Transportation,(PTR) Transit Bus,(TRA) Transit Bus,(GLO) Government: Local,(VIR) Viriciti,vehicle.ev149.fleet30.2019.proterra.8.440.350.il.ptr.ptr.tra.vir.csv,vehicle.ev149.fleet30.2019.proterra.8.440.350.il.ptr.ptr.tra.vir.csv
EV150,Fleet30,2019,2021,02/11/21,03/24/23,Catalyst E2,Proterra,8,32500,,251,1.75,250,900,,Lithium-ion,440,TRUE,350,J1772 CCS Type 1 and J3105,Large,1,IL,Midwest,"(BNS) Bus, Non-School",(PTR) Passenger Transportation,(PTR) Transit Bus,(TRA) Transit Bus,(GLO) Government: Local,(VIR) Viriciti,vehicle.ev150.fleet30.2019.proterra.8.440.350.il.ptr.ptr.tra.vir.csv,vehicle.ev150.fleet30.2019.proterra.8.440.350.il.ptr.ptr.tra.vir.csv
EV151,Fleet30,2019,2021,02/05/21,03/08/23,Catalyst E2,Proterra,8,32500,,251,1.75,250,900,,Lithium-ion,440,TRUE,350,J1772 CCS Type 1 and J3105,Large,1,IL,Midwest,"(BNS) Bus, Non-School",(PTR) Passenger Transportation,(PTR) Transit Bus,(TRA) Transit Bus,(GLO) Government: Local,(VIR) Viriciti,vehicle.ev151.fleet30.2019.proterra.8.440.350.il.ptr.ptr.tra.vir.csv,vehicle.ev151.fleet30.2019.proterra.8.440.350.il.ptr.ptr.tra.vir.csv
EV152,Fleet30,2019,2021,01/27/21,03/27/23,Catalyst E2,Proterra,8,32500,,251,1.75,250,900,,Lithium-ion,440,TRUE,350,J1772 CCS Type 1 and J3105,Large,1,IL,Midwest,"(BNS) Bus, Non-School",(PTR) Passenger Transportation,(PTR) Transit Bus,(TRA) Transit Bus,(GLO) Government: Local,(VIR) Viriciti,vehicle.ev152.fleet30.2019.proterra.8.440.350.il.ptr.ptr.tra.vir.csv,vehicle.ev152.fleet30.2019.proterra.8.440.350.il.ptr.ptr.tra.vir.csv
EV153,Fleet30,2021,2021,9/17/2021,3/27/2023,ZX5+,Proterra,8,33500,,232,,250,900,,Lithium-ion,450,TRUE,350,J1772 CCS Type 1 and J3105,Large,1,IL,Midwest,"(BNS) Bus, Non-School",(PTR) Passenger Transportation,(PTR) Transit Bus,(TRA) Transit Bus,(GLO) Government: Local,(VIR) Viriciti,vehicle.ev153.fleet30.2021.proterra.8.450.350.il.ptr.ptr.tra.vir.csv,vehicle.ev153.fleet30.2021.proterra.8.450.350.il.ptr.ptr.tra.vir.csv
EV154,Fleet30,2021,2021,9/22/2021,3/27/2023,ZX5+,Proterra,8,33500,,232,,250,900,,Lithium-ion,450,TRUE,350,J1772 CCS Type 1 and J3105,Large,1,IL,Midwest,"(BNS) Bus, Non-School",(PTR) Passenger Transportation,(PTR) Transit Bus,(TRA) Transit Bus,(GLO) Government: Local,(VIR) Viriciti,vehicle.ev154.fleet30.2021.proterra.8.450.350.il.ptr.ptr.tra.vir.csv,vehicle.ev154.fleet30.2021.proterra.8.450.350.il.ptr.ptr.tra.vir.csv
EV155,Fleet30,2021,2021,4/29/2021,2/17/2023,ZX5+,Proterra,8,33500,,232,,250,900,,Lithium-ion,450,TRUE,350,J1772 CCS Type 1 and J3105,Large,1,IL,Midwest,"(BNS) Bus, Non-School",(PTR) Passenger Transportation,(PTR) Transit Bus,(TRA) Transit Bus,(GLO) Government: Local,(VIR) Viriciti,vehicle.ev155.fleet30.2021.proterra.8.450.350.il.ptr.ptr.tra.vir.csv,vehicle.ev155.fleet30.2021.proterra.8.450.350.il.ptr.ptr.tra.vir.csv
EV156,Fleet30,2021,2021,11/8/2021,3/27/2023,ZX5+,Proterra,8,33500,,232,,250,900,,Lithium-ion,450,TRUE,350,J1772 CCS Type 1 and J3105,Large,1,IL,Midwest,"(BNS) Bus, Non-School",(PTR) Passenger Transportation,(PTR) Transit Bus,(TRA) Transit Bus,(GLO) Government: Local,(VIR) Viriciti,vehicle.ev156.fleet30.2021.proterra.8.450.350.il.ptr.ptr.tra.vir.csv,vehicle.ev156.fleet30.2021.proterra.8.450.350.il.ptr.ptr.tra.vir.csv
EV157,Fleet30,2021,2021,10/15/2021,3/27/2023,ZX5+,Proterra,8,33500,,232,,250,900,,Lithium-ion,450,TRUE,350,J1772 CCS Type 1 and J3105,Large,1,IL,Midwest,"(BNS) Bus, Non-School",(PTR) Passenger Transportation,(PTR) Transit Bus,(TRA) Transit Bus,(GLO) Government: Local,(VIR) Viriciti,vehicle.ev157.fleet30.2021.proterra.8.450.350.il.ptr.ptr.tra.vir.csv,vehicle.ev157.fleet30.2021.proterra.8.450.350.il.ptr.ptr.tra.vir.csv
EV158,Fleet30,2021,2021,9/17/2021,3/27/2023,ZX5+,Proterra,8,33500,,232,,250,900,,Lithium-ion,450,TRUE,350,J1772 CCS Type 1 and J3105,Large,1,IL,Midwest,"(BNS) Bus, Non-School",(PTR) Passenger Transportation,(PTR) Transit Bus,(TRA) Transit Bus,(GLO) Government: Local,(VIR) Viriciti,vehicle.ev158.fleet30.2021.proterra.8.450.350.il.ptr.ptr.tra.vir.csv,vehicle.ev158.fleet30.2021.proterra.8.450.350.il.ptr.ptr.tra.vir.csv
EV159,Fleet30,2021,2021,10/6/2021,3/25/2023,ZX5+,Proterra,8,33500,,232,,250,900,,Lithium-ion,450,TRUE,350,J1772 CCS Type 1 and J3105,Large,1,IL,Midwest,"(BNS) Bus, Non-School",(PTR) Passenger Transportation,(PTR) Transit Bus,(TRA) Transit Bus,(GLO) Government: Local,(VIR) Viriciti,vehicle.ev159.fleet30.2021.proterra.8.450.350.il.ptr.ptr.tra.vir.csv,vehicle.ev159.fleet30.2021.proterra.8.450.350.il.ptr.ptr.tra.vir.csv
EV160,Fleet30,2021,2021,11/19/2021,3/22/2023,ZX5+,Proterra,8,33500,,232,,250,900,,Lithium-ion,450,TRUE,350,J1772 CCS Type 1 and J3105,Large,1,IL,Midwest,"(BNS) Bus, Non-School",(PTR) Passenger Transportation,(PTR) Transit Bus,(TRA) Transit Bus,(GLO) Government: Local,(VIR) Viriciti,vehicle.ev160.fleet30.2021.proterra.8.450.350.il.ptr.ptr.tra.vir.csv,vehicle.ev160.fleet30.2021.proterra.8.450.350.il.ptr.ptr.tra.vir.csv
EV161,Fleet30,2021,2021,4/29/2021,3/23/2023,ZX5+,Proterra,8,33500,,232,,250,900,,Lithium-ion,450,TRUE,350,J1772 CCS Type 1 and J3105,Large,1,IL,Midwest,"(BNS) Bus, Non-School",(PTR) Passenger Transportation,(PTR) Transit Bus,(TRA) Transit Bus,(GLO) Government: Local,(VIR) Viriciti,vehicle.ev161.fleet30.2021.proterra.8.450.350.il.ptr.ptr.tra.vir.csv,vehicle.ev161.fleet30.2021.proterra.8.450.350.il.ptr.ptr.tra.vir.csv
EV162,Fleet30,2021,2021,10/6/2021,3/24/2023,ZX5+,Proterra,8,33500,,232,,250,900,,Lithium-ion,450,TRUE,350,J1772 CCS Type 1 and J3105,Large,1,IL,Midwest,"(BNS) Bus, Non-School",(PTR) Passenger Transportation,(PTR) Transit Bus,(TRA) Transit Bus,(GLO) Government: Local,(VIR) Viriciti,vehicle.ev162.fleet30.2021.proterra.8.450.350.il.ptr.ptr.tra.vir.csv,vehicle.ev162.fleet30.2021.proterra.8.450.350.il.ptr.ptr.tra.vir.csv
EV163,Fleet30,2021,2021,9/18/2021,3/27/2023,ZX5+,Proterra,8,33500,,232,,250,900,,Lithium-ion,450,TRUE,350,J1772 CCS Type 1 and J3105,Large,1,IL,Midwest,"(BNS) Bus, Non-School",(PTR) Passenger Transportation,(PTR) Transit Bus,(TRA) Transit Bus,(GLO) Government: Local,(VIR) Viriciti,vehicle.ev163.fleet30.2021.proterra.8.450.350.il.ptr.ptr.tra.vir.csv,vehicle.ev163.fleet30.2021.proterra.8.450.350.il.ptr.ptr.tra.vir.csv
EV164,Fleet30,2021,2021,10/1/2021,3/24/2023,ZX5+,Proterra,8,33500,,232,,250,900,,Lithium-ion,450,TRUE,350,J1772 CCS Type 1 and J3105,Large,1,IL,Midwest,"(BNS) Bus, Non-School",(PTR) Passenger Transportation,(PTR) Transit Bus,(TRA) Transit Bus,(GLO) Government: Local,(VIR) Viriciti,vehicle.ev164.fleet30.2021.proterra.8.450.350.il.ptr.ptr.tra.vir.csv,vehicle.ev164.fleet30.2021.proterra.8.450.350.il.ptr.ptr.tra.vir.csv
EV165,Fleet30,2021,2021,9/21/2021,3/28/2023,ZX5+,Proterra,8,33500,,232,,250,900,,Lithium-ion,450,TRUE,350,J1772 CCS Type 1 and J3105,Large,1,IL,Midwest,"(BNS) Bus, Non-School",(PTR) Passenger Transportation,(PTR) Transit Bus,(TRA) Transit Bus,(GLO) Government: Local,(VIR) Viriciti,vehicle.ev165.fleet30.2021.proterra.8.450.350.il.ptr.ptr.tra.vir.csv,vehicle.ev165.fleet30.2021.proterra.8.450.350.il.ptr.ptr.tra.vir.csv
EV166,Fleet30,2021,2021,9/22/2021,3/23/2023,ZX5+,Proterra,8,33500,,232,,250,900,,Lithium-ion,450,TRUE,350,J1772 CCS Type 1 and J3105,Large,1,IL,Midwest,"(BNS) Bus, Non-School",(PTR) Passenger Transportation,(PTR) Transit Bus,(TRA) Transit Bus,(GLO) Government: Local,(VIR) Viriciti,vehicle.ev166.fleet30.2021.proterra.8.450.350.il.ptr.ptr.tra.vir.csv,vehicle.ev166.fleet30.2021.proterra.8.450.350.il.ptr.ptr.tra.vir.csv
EV167,Fleet30,2021,2021,4/29/2021,3/27/2023,ZX5+,Proterra,8,33500,,232,,250,900,,Lithium-ion,450,TRUE,350,J1772 CCS Type 1 and J3105,Large,1,IL,Midwest,"(BNS) Bus, Non-School",(PTR) Passenger Transportation,(PTR) Transit Bus,(TRA) Transit Bus,(GLO) Government: Local,(VIR) Viriciti,vehicle.ev167.fleet30.2021.proterra.8.450.350.il.ptr.ptr.tra.vir.csv,vehicle.ev167.fleet30.2021.proterra.8.450.350.il.ptr.ptr.tra.vir.csv
EV168,Fleet30,2021,2021,9/28/2021,3/23/2023,ZX5+,Proterra,8,33500,,232,,250,900,,Lithium-ion,450,TRUE,350,J1772 CCS Type 1 and J3105,Large,1,IL,Midwest,"(BNS) Bus, Non-School",(PTR) Passenger Transportation,(PTR) Transit Bus,(TRA) Transit Bus,(GLO) Government: Local,(VIR) Viriciti,vehicle.ev168.fleet30.2021.proterra.8.450.350.il.ptr.ptr.tra.vir.csv,vehicle.ev168.fleet30.2021.proterra.8.450.350.il.ptr.ptr.tra.vir.csv
EV169,Fleet30,2021,2021,11/18/2021,3/10/2023,ZX5+,Proterra,8,33500,,232,,250,900,,Lithium-ion,450,TRUE,350,J1772 CCS Type 1 and J3105,Large,1,IL,Midwest,"(BNS) Bus, Non-School",(PTR) Passenger Transportation,(PTR) Transit Bus,(TRA) Transit Bus,(GLO) Government: Local,(VIR) Viriciti,vehicle.ev169.fleet30.2021.proterra.8.450.350.il.ptr.ptr.tra.vir.csv,vehicle.ev169.fleet30.2021.proterra.8.450.350.il.ptr.ptr.tra.vir.csv
EV170,Fleet31,2019,2021,10/8/2020,6/29/2022,Lion C,Lion Electric,8,,,155,,250,2500,,Lithium-ion,210,TRUE,50,,Large,21,MI,Midwest,"(BSC) Bus, School",(PTR) Passenger Transportation,(PSC) School Bus,(SCH) School Bus,(GLO) Government: Local,(GEO) Geotab,vehicle.ev170.fleet31.2019.lionelectric.8.210.50.mi.ptr.psc.sch.geo.csv,vehicle.ev170.fleet31.2019.lionelectric.8.210.50.mi.ptr.psc.sch.geo.csv
EV171,Fleet31,2019,2015,10/15/2020,6/16/2022,Lion C,Lion Electric,8,,,155,,250,2500,,Lithium-ion,210,TRUE,50,,Large,21,MI,Midwest,"(BSC) Bus, School",(PTR) Passenger Transportation,(PSC) School Bus,(SCH) School Bus,(GLO) Government: Local,(GEO) Geotab,vehicle.ev171.fleet31.2019.lionelectric.8.210.50.mi.ptr.psc.sch.geo.csv,vehicle.ev171.fleet31.2019.lionelectric.8.210.50.mi.ptr.psc.sch.geo.csv
EV172,Fleet31,2019,2015,10/8/2020,6/27/2022,Lion C,Lion Electric,8,,,155,,250,2500,,Lithium-ion,210,TRUE,50,,Large,21,MI,Midwest,"(BSC) Bus, School",(PTR) Passenger Transportation,(PSC) School Bus,(SCH) School Bus,(GLO) Government: Local,(GEO) Geotab,vehicle.ev172.fleet31.2019.lionelectric.8.210.50.mi.ptr.psc.sch.geo.csv,vehicle.ev172.fleet31.2019.lionelectric.8.210.50.mi.ptr.psc.sch.geo.csv
EV173,Fleet31,2019,2015,10/7/2020,6/23/2022,Lion C,Lion Electric,8,,,155,,250,2500,,Lithium-ion,210,TRUE,50,,Large,21,MI,Midwest,"(BSC) Bus, School",(PTR) Passenger Transportation,(PSC) School Bus,(SCH) School Bus,(GLO) Government: Local,(GEO) Geotab,vehicle.ev173.fleet31.2019.lionelectric.8.210.50.mi.ptr.psc.sch.geo.csv,vehicle.ev173.fleet31.2019.lionelectric.8.210.50.mi.ptr.psc.sch.geo.csv
EV174,Fleet32,2019,2020,09/04/20,10/29/21,XE40,New Flyer,8,32920,,239,1.84,,,,Lithium-ion,440,TRUE,300,J1772 and OppCharge Compliant,,1,UT,Rocky Mountain,"(BNS) Bus, Non-School",(PTR) Passenger Transportation,(PTR) Transit Bus,(TRA) Transit Bus,(GST) Government: State,(PRO) Proprietary,vehicle.ev174.fleet32.2019.newflyer.8.440.300.ut.ptr.ptr.tra.pro.csv,
EV175,Fleet32,2019,2020,11/02/20,10/31/21,XE40,New Flyer,8,32920,,239,1.84,,,,Lithium-ion,440,TRUE,300,J1772 and OppCharge Compliant,,1,UT,Rocky Mountain,"(BNS) Bus, Non-School",(PTR) Passenger Transportation,(PTR) Transit Bus,(TRA) Transit Bus,(GST) Government: State,(PRO) Proprietary,vehicle.ev175.fleet32.2019.newflyer.8.440.300.ut.ptr.ptr.tra.pro.csv,
EV176,Fleet32,2019,2020,01/22/21,12/30/21,XE40,New Flyer,8,32920,,239,1.84,,,,Lithium-ion,440,TRUE,300,J1772 and OppCharge Compliant,,1,UT,Rocky Mountain,"(BNS) Bus, Non-School",(PTR) Passenger Transportation,(PTR) Transit Bus,(TRA) Transit Bus,(GST) Government: State,(PRO) Proprietary,vehicle.ev176.fleet32.2019.newflyer.8.440.300.ut.ptr.ptr.tra.pro.csv,
EV177,Fleet32,2019,2020,01/21/21,12/30/21,XE40,New Flyer,8,32920,,239,1.84,,,,Lithium-ion,440,TRUE,300,J1772 and OppCharge Compliant,,1,UT,Rocky Mountain,"(BNS) Bus, Non-School",(PTR) Passenger Transportation,(PTR) Transit Bus,(TRA) Transit Bus,(GST) Government: State,(PRO) Proprietary,vehicle.ev177.fleet32.2019.newflyer.8.440.300.ut.ptr.ptr.tra.pro.csv,
EV178,Fleet32,2019,2020,09/01/20,10/27/21,XE40,New Flyer,8,32920,,239,1.84,,,,Lithium-ion,440,TRUE,300,J1772 and OppCharge Compliant,,1,UT,Rocky Mountain,"(BNS) Bus, Non-School",(PTR) Passenger Transportation,(PTR) Transit Bus,(TRA) Transit Bus,(GST) Government: State,(PRO) Proprietary,vehicle.ev178.fleet32.2019.newflyer.8.440.300.ut.ptr.ptr.tra.pro.csv,
EV179,Fleet33,2019,,,,XE40,New Flyer,8,,,,,,,,,466,,450,,,,MN,Midwest,"(BNS) Bus, Non-School",(PTR) Passenger Transportation,(PTR) Transit Bus,(TRA) Transit Bus,,(PRO) Proprietary,vehicle.ev179.fleet33.2019.newflyer.8.466.450.mn.ptr.ptr.tra.pro.csv,
EV180,Fleet33,2019,,,,XE40,New Flyer,8,,,,,,,,,466,,450,,,,MN,Midwest,"(BNS) Bus, Non-School",(PTR) Passenger Transportation,(PTR) Transit Bus,(TRA) Transit Bus,,(PRO) Proprietary,vehicle.ev180.fleet33.2019.newflyer.8.466.450.mn.ptr.ptr.tra.pro.csv,
EV181,Fleet33,2019,,,,XE40,New Flyer,8,,,,,,,,,466,,450,,,,MN,Midwest,"(BNS) Bus, Non-School",(PTR) Passenger Transportation,(PTR) Transit Bus,(TRA) Transit Bus,,(PRO) Proprietary,vehicle.ev181.fleet33.2019.newflyer.8.466.450.mn.ptr.ptr.tra.pro.csv,
EV182,Fleet33,2019,,,,XE40,New Flyer,8,,,,,,,,,466,,450,,,,MN,Midwest,"(BNS) Bus, Non-School",(PTR) Passenger Transportation,(PTR) Transit Bus,(TRA) Transit Bus,,(PRO) Proprietary,vehicle.ev182.fleet33.2019.newflyer.8.466.450.mn.ptr.ptr.tra.pro.csv,
EV183,Fleet33,2019,,,,XE40,New Flyer,8,,,,,,,,,466,,450,,,,MN,Midwest,"(BNS) Bus, Non-School",(PTR) Passenger Transportation,(PTR) Transit Bus,(TRA) Transit Bus,,(PRO) Proprietary,vehicle.ev183.fleet33.2019.newflyer.8.466.450.mn.ptr.ptr.tra.pro.csv,
EV184,Fleet33,2019,,,,XE40,New Flyer,8,,,,,,,,,466,,450,,,,MN,Midwest,"(BNS) Bus, Non-School",(PTR) Passenger Transportation,(PTR) Transit Bus,(TRA) Transit Bus,,(PRO) Proprietary,vehicle.ev184.fleet33.2019.newflyer.8.466.450.mn.ptr.ptr.tra.pro.csv,
EV185,Fleet33,2019,,,,XE40,New Flyer,8,,,,,,,,,466,,450,,,,MN,Midwest,"(BNS) Bus, Non-School",(PTR) Passenger Transportation,(PTR) Transit Bus,(TRA) Transit Bus,,(PRO) Proprietary,vehicle.ev185.fleet33.2019.newflyer.8.466.450.mn.ptr.ptr.tra.pro.csv,
EV186,Fleet33,2019,,,,XE40,New Flyer,8,,,,,,,,,466,,450,,,,MN,Midwest,"(BNS) Bus, Non-School",(PTR) Passenger Transportation,(PTR) Transit Bus,(TRA) Transit Bus,,(PRO) Proprietary,vehicle.ev186.fleet33.2019.newflyer.8.466.450.mn.ptr.ptr.tra.pro.csv,
EV187,Fleet34,2022,,,,,Volvo,7,,,,,,,,,264,,150,,,,OH,Midwest,,(FRG) Freight,"(FRE) Freight, Regional ",(HDT) Heavy-Duty Truck,,(GEO) Geotab,vehicle.ev187.fleet34.2022.volvo.7.264.150.oh.frg.fre.hdt.geo.csv,
EV188,Fleet34,2022,,,,,Volvo,7,,,,,,,,,264,,150,,,,OH,Midwest,,(FRG) Freight,"(FRE) Freight, Regional ",(HDT) Heavy-Duty Truck,,(GEO) Geotab,vehicle.ev188.fleet34.2022.volvo.7.264.150.oh.frg.fre.hdt.geo.csv,
EV189,Fleet36,2021,,,,,Bluebird Electric,8,,,,,,,,,155,,80,,,,CA,West Coast,,(PTR) Passenger Transportation,(PSC) School Bus,(SCH) School Bus,(GST) Government: State,,vehicle.ev189.fleet36.2021.bluebirdelectric.8.155.80.ca.ptr.psc.sch..csv,
EV190,Fleet36,2021,,,,,Bluebird Electric,8,,,,,,,,,155,,80,,,,CA,West Coast,,(PTR) Passenger Transportation,(PSC) School Bus,(SCH) School Bus,(GST) Government: State,,vehicle.ev190.fleet36.2021.bluebirdelectric.8.155.80.ca.ptr.psc.sch..csv,
EV191,Fleet36,2021,,,,,Bluebird Electric,8,,,,,,,,,155,,80,,,,CA,West Coast,,(PTR) Passenger Transportation,(PSC) School Bus,(SCH) School Bus,(GST) Government: State,,vehicle.ev191.fleet36.2021.bluebirdelectric.8.155.80.ca.ptr.psc.sch..csv,
EV192,Fleet36,2023,,,,,International,8,,,,,,,,,315,,125,,,,CA,West Coast,,(PTR) Passenger Transportation,(PSC) School Bus,(SCH) School Bus,(GST) Government: State,,vehicle.ev192.fleet36.2023.international.8.315.125.ca.ptr.psc.sch..csv,
EV193,Fleet36,2023,,,,,International,8,,,,,,,,,315,,125,,,,CA,West Coast,,(PTR) Passenger Transportation,(PSC) School Bus,(SCH) School Bus,(GST) Government: State,,vehicle.ev193.fleet36.2023.international.8.315.125.ca.ptr.psc.sch..csv,
EV194,Fleet36,2023,,,,,International,8,,,,,,,,,315,,125,,,,CA,West Coast,,(PTR) Passenger Transportation,(PSC) School Bus,(SCH) School Bus,(GST) Government: State,,vehicle.ev194.fleet36.2023.international.8.315.125.ca.ptr.psc.sch..csv,
EV195,Fleet36,2023,,,,,International,8,,,,,,,,,315,,125,,,,CA,West Coast,,(PTR) Passenger Transportation,(PSC) School Bus,(SCH) School Bus,(GST) Government: State,,vehicle.ev195.fleet36.2023.international.8.315.125.ca.ptr.psc.sch..csv,
EV196,Fleet36,2023,,,,,International,8,,,,,,,,,315,,125,,,,CA,West Coast,,(PTR) Passenger Transportation,(PSC) School Bus,(SCH) School Bus,(GST) Government: State,,vehicle.ev196.fleet36.2023.international.8.315.125.ca.ptr.psc.sch..csv,
EV197,Fleet36,2023,,,,,International,8,,,,,,,,,315,,125,,,,CA,West Coast,,(PTR) Passenger Transportation,(PSC) School Bus,(SCH) School Bus,(GST) Government: State,,vehicle.ev197.fleet36.2023.international.8.315.125.ca.ptr.psc.sch..csv,
EV198,Fleet36,2023,,,,,International,8,,,,,,,,,315,,125,,,,CA,West Coast,,(PTR) Passenger Transportation,(PSC) School Bus,(SCH) School Bus,(GST) Government: State,,vehicle.ev198.fleet36.2023.international.8.315.125.ca.ptr.psc.sch..csv,
EV199,Fleet36,2023,,,,,International,8,,,,,,,,,315,,125,,,,CA,West Coast,,(PTR) Passenger Transportation,(PSC) School Bus,(SCH) School Bus,(GST) Government: State,,vehicle.ev199.fleet36.2023.international.8.315.125.ca.ptr.psc.sch..csv,
EV200,Fleet36,2023,,,,,International,8,,,,,,,,,315,,125,,,,CA,West Coast,,(PTR) Passenger Transportation,(PSC) School Bus,(SCH) School Bus,(GST) Government: State,,vehicle.ev200.fleet36.2023.international.8.315.125.ca.ptr.psc.sch..csv,
EV201,Fleet36,2023,,,,,International,8,,,,,,,,,315,,125,,,,CA,West Coast,,(PTR) Passenger Transportation,(PSC) School Bus,(SCH) School Bus,(GST) Government: State,,vehicle.ev201.fleet36.2023.international.8.315.125.ca.ptr.psc.sch..csv,
EV202,,,,,,,,,,,,,,,,,,,,,,,,,,,,,,,vehicle.ev202............csv,
EV203,Fleet37,2021,,,,,Proterra,8,,,,,,,,,440,,120,,,,CO,,,(PTR) Passenger Transportation,(PTR) Transit Bus,(TRA) Transit Bus,,(PRO) Proprietary,vehicle.ev203.fleet37.2021.proterra.8.440.120.co.ptr.ptr.tra.pro.csv,
EV204,Fleet37,2021,,,,,Proterra,8,,,,,,,,,440,,120,,,,CO,,,(PTR) Passenger Transportation,(PTR) Transit Bus,(TRA) Transit Bus,,(PRO) Proprietary,vehicle.ev204.fleet37.2021.proterra.8.440.120.co.ptr.ptr.tra.pro.csv,
EV205,Fleet37,2021,,,,,Proterra,8,,,,,,,,,440,,120,,,,CO,,,(PTR) Passenger Transportation,(PTR) Transit Bus,(TRA) Transit Bus,,(PRO) Proprietary,vehicle.ev205.fleet37.2021.proterra.8.440.120.co.ptr.ptr.tra.pro.csv,
EV206,Fleet13,2019,2019,5/1/2020,5/31/2021,Orange EV T-Series,Orange EV,8,,,,,,,81000,Iron Phosphate,160,FALSE,,GB/T,,,CA,West Coast,(DCT) Day Cab Tractor,(FRG) Freight,"(NIN) Nonroad, Industrial/MH ",(YDT) Yard Tractor,(PRV) Private,(PRO) Proprietary,vehicle.ev206.fleet13.2019.orangeev.8.160..ca.frg.nin.ydt.pro.csv,vehicle.ev206.fleet13.2019.orangeev.8.160.0.ca.frg.nin.ydt.pro.csv
EV207,Fleet13,2016,2016,5/1/2020,5/31/2021,Orange EV T-Series,Orange EV,8,,,,,,,81000,Iron Phosphate,160,FALSE,,GB/T,,,CA,West Coast,(DCT) Day Cab Tractor,(FRG) Freight,"(NIN) Nonroad, Industrial/MH ",(YDT) Yard Tractor,(PRV) Private,(PRO) Proprietary,vehicle.ev207.fleet13.2016.orangeev.8.160..ca.frg.nin.ydt.pro.csv,vehicle.ev207.fleet13.2016.orangeev.8.160.0.ca.frg.nin.ydt.pro.csv
EV208,Fleet13,2016,2016,5/1/2020,5/31/2021,Orange EV T-Series,Orange EV,8,,,,,,,81000,Iron Phosphate,160,FALSE,,GB/T,,,CA,West Coast,(DCT) Day Cab Tractor,(FRG) Freight,"(NIN) Nonroad, Industrial/MH ",(YDT) Yard Tractor,(PRV) Private,(PRO) Proprietary,vehicle.ev208.fleet13.2016.orangeev.8.160..ca.frg.nin.ydt.pro.csv,vehicle.ev208.fleet13.2016.orangeev.8.160.0.ca.frg.nin.ydt.pro.csv
EV209,Fleet14,2019,2019,5/1/2020,5/31/2021,Orange EV T-Series,Orange EV,8,,,,,,,81000,Iron Phosphate,160,FALSE,,GB/T,,,CA,West Coast,(DCT) Day Cab Tractor,(FRG) Freight,"(NIN) Nonroad, Industrial/MH ",(YDT) Yard Tractor,(PRV) Private,(PRO) Proprietary,vehicle.ev209.fleet14.2019.orangeev.8.160..ca.frg.nin.ydt.pro.csv,vehicle.ev209.fleet14.2019.orangeev.8.160.0.ca.frg.nin.ydt.pro.csv
EV210,Fleet14,2020,2020,5/1/2020,5/31/2021,Orange EV T-Series,Orange EV,8,,,,,,,81000,Iron Phosphate,160,FALSE,,GB/T,,,CA,West Coast,(DCT) Day Cab Tractor,(FRG) Freight,"(NIN) Nonroad, Industrial/MH ",(YDT) Yard Tractor,(PRV) Private,(PRO) Proprietary,vehicle.ev210.fleet14.2020.orangeev.8.160..ca.frg.nin.ydt.pro.csv,vehicle.ev210.fleet14.2020.orangeev.8.160.0.ca.frg.nin.ydt.pro.csv
EV211,Fleet38,2019,2019,5/1/2020,5/31/2021,Orange EV T-Series,Orange EV,8,,,,,,,81000,Iron Phosphate,160,FALSE,,GB/T,,,CA,West Coast,(DCT) Day Cab Tractor,(FRG) Freight,"(NIN) Nonroad, Industrial/MH ",(YDT) Yard Tractor,(PRV) Private,(PRO) Proprietary,vehicle.ev211.fleet38.2019.orangeev.8.160..ca.frg.nin.ydt.pro.csv,vehicle.ev211.fleet38.2019.orangeev.8.160.0.ca.frg.nin.ydt.pro.csv
EV212,Fleet39,2021,2022,,,Lion C,Lion Electric,8,,,,,,,,,,,,,,,CA,West Coast,"(BSC) Bus, School",(PTR) Passenger Transportation,(PSC) School Bus,(SCH) School Bus,(GLO) Government: Local,(GEO) Geotab,vehicle.ev212.fleet39.2021.lionelectric.8...ca.ptr.psc.sch.geo.csv,
EV213,Fleet39,2021,2022,,,Lion C,Lion Electric,8,,,,,,,,,,,,,,,CA,West Coast,"(BSC) Bus, School",(PTR) Passenger Transportation,(PSC) School Bus,(SCH) School Bus,(GLO) Government: Local,(GEO) Geotab,vehicle.ev213.fleet39.2021.lionelectric.8...ca.ptr.psc.sch.geo.csv,
EV214,Fleet39,2021,2022,,,Lion C,Lion Electric,8,,,,,,,,,,,,,,,CA,West Coast,"(BSC) Bus, School",(PTR) Passenger Transportation,(PSC) School Bus,(SCH) School Bus,(GLO) Government: Local,(GEO) Geotab,vehicle.ev214.fleet39.2021.lionelectric.8...ca.ptr.psc.sch.geo.csv,
EV215,Fleet39,2021,2022,,,Lion C,Lion Electric,8,,,,,,,,,,,,,,,CA,West Coast,"(BSC) Bus, School",(PTR) Passenger Transportation,(PSC) School Bus,(SCH) School Bus,(GLO) Government: Local,(GEO) Geotab,vehicle.ev215.fleet39.2021.lionelectric.8...ca.ptr.psc.sch.geo.csv,
EV216,Fleet39,2021,2022,,,Lion C,Lion Electric,8,,,,,,,,,,,,,,,CA,West Coast,"(BSC) Bus, School",(PTR) Passenger Transportation,(PSC) School Bus,(SCH) School Bus,(GLO) Government: Local,(GEO) Geotab,vehicle.ev216.fleet39.2021.lionelectric.8...ca.ptr.psc.sch.geo.csv,
EV217,Fleet39,2021,2022,,,Lion C,Lion Electric,8,,,,,,,,,,,,,,,CA,West Coast,"(BSC) Bus, School",(PTR) Passenger Transportation,(PSC) School Bus,(SCH) School Bus,(GLO) Government: Local,(GEO) Geotab,vehicle.ev217.fleet39.2021.lionelectric.8...ca.ptr.psc.sch.geo.csv,
EV218,Fleet39,2021,2022,,,Lion C,Lion Electric,8,,,,,,,,,,,,,,,CA,West Coast,"(BSC) Bus, School",(PTR) Passenger Transportation,(PSC) School Bus,(SCH) School Bus,(GLO) Government: Local,(GEO) Geotab,vehicle.ev218.fleet39.2021.lionelectric.8...ca.ptr.psc.sch.geo.csv,
EV219,Fleet39,2021,2022,,,Lion C,Lion Electric,8,,,,,,,,,,,,,,,CA,West Coast,"(BSC) Bus, School",(PTR) Passenger Transportation,(PSC) School Bus,(SCH) School Bus,(GLO) Government: Local,(GEO) Geotab,vehicle.ev219.fleet39.2021.lionelectric.8...ca.ptr.psc.sch.geo.csv,
EV220,Fleet39,2021,2022,,,Lion C,Lion Electric,8,,,,,,,,,,,,,,,CA,West Coast,"(BSC) Bus, School",(PTR) Passenger Transportation,(PSC) School Bus,(SCH) School Bus,(GLO) Government: Local,(GEO) Geotab,vehicle.ev220.fleet39.2021.lionelectric.8...ca.ptr.psc.sch.geo.csv,
EV221,Fleet39,2021,2022,,,Lion C,Lion Electric,8,,,,,,,,,,,,,,,CA,West Coast,"(BSC) Bus, School",(PTR) Passenger Transportation,(PSC) School Bus,(SCH) School Bus,(GLO) Government: Local,(GEO) Geotab,vehicle.ev221.fleet39.2021.lionelectric.8...ca.ptr.psc.sch.geo.csv,
EV222,Fleet39,2019,2022,,,e-Quest XL Type C,StarCraft,8,,,,,,,,,,,,,,,CA,West Coast,"(BSC) Bus, School",(PTR) Passenger Transportation,(PSC) School Bus,(SCH) School Bus,(GLO) Government: Local,(GEO) Geotab,vehicle.ev222.fleet39.2019.starcraft.8...ca.ptr.psc.sch.geo.csv,
EV223,Fleet40,2019,2023,,,T3RE,Bluebird Electric,8,,,,,,,,,,,,,,,CA,West Coast,"(BSC) Bus, School",(PTR) Passenger Transportation,(PSC) School Bus,(SCH) School Bus,(GLO) Government: Local,(GEO) Geotab,vehicle.ev223.fleet40.2019.bluebirdelectric.8...ca.ptr.psc.sch.geo.csv,
EV224,Fleet40,2019,2023,,,T3RE,Bluebird Electric,8,,,,,,,,,,,,,,,CA,West Coast,"(BSC) Bus, School",(PTR) Passenger Transportation,(PSC) School Bus,(SCH) School Bus,(GLO) Government: Local,(GEO) Geotab,vehicle.ev224.fleet40.2019.bluebirdelectric.8...ca.ptr.psc.sch.geo.csv,
EV225,Fleet40,2020,2023,,,T3RE,Bluebird Electric,8,,,,,,,,,,,,,,,CA,West Coast,"(BSC) Bus, School",(PTR) Passenger Transportation,(PSC) School Bus,(SCH) School Bus,(GLO) Government: Local,(GEO) Geotab,vehicle.ev225.fleet40.2020.bluebirdelectric.8...ca.ptr.psc.sch.geo.csv,
EV226,Fleet40,2020,2023,,,T3RE,Bluebird Electric,8,,,,,,,,,,,,,,,CA,West Coast,"(BSC) Bus, School",(PTR) Passenger Transportation,(PSC) School Bus,(SCH) School Bus,(GLO) Government: Local,(GEO) Geotab,vehicle.ev226.fleet40.2020.bluebirdelectric.8...ca.ptr.psc.sch.geo.csv,
EV227,Fleet40,2020,2023,`,,T3RE,Bluebird Electric,8,,,,,,,,,,,,,,,CA,West Coast,"(BSC) Bus, School",(PTR) Passenger Transportation,(PSC) School Bus,(SCH) School Bus,(GLO) Government: Local,(GEO) Geotab,vehicle.ev227.fleet40.2020.bluebirdelectric.8...ca.ptr.psc.sch.geo.csv,
EV228,Fleet40,2020,2023,,,T3RE,Bluebird Electric,8,,,,,,,,,,,,,,,CA,West Coast,"(BSC) Bus, School",(PTR) Passenger Transportation,(PSC) School Bus,(SCH) School Bus,(GLO) Government: Local,(GEO) Geotab,vehicle.ev228.fleet40.2020.bluebirdelectric.8...ca.ptr.psc.sch.geo.csv,
EV229,Fleet40,2020,2023,`,,T3RE,Bluebird Electric,8,,,,,,,,,,,,,,,CA,West Coast,"(BSC) Bus, School",(PTR) Passenger Transportation,(PSC) School Bus,(SCH) School Bus,(GLO) Government: Local,(GEO) Geotab,vehicle.ev229.fleet40.2020.bluebirdelectric.8...ca.ptr.psc.sch.geo.csv,
EV230,Fleet40,2020,2023,,,T3RE,Bluebird Electric,8,,,,,,,,,,,,,,,CA,West Coast,"(BSC) Bus, School",(PTR) Passenger Transportation,(PSC) School Bus,(SCH) School Bus,(GLO) Government: Local,(GEO) Geotab,vehicle.ev230.fleet40.2020.bluebirdelectric.8...ca.ptr.psc.sch.geo.csv,
EV231,Fleet40,2020,2023,,,T3RE,Bluebird Electric,8,,,,,,,,,,,,,,,CA,West Coast,"(BSC) Bus, School",(PTR) Passenger Transportation,(PSC) School Bus,(SCH) School Bus,(GLO) Government: Local,(GEO) Geotab,vehicle.ev231.fleet40.2020.bluebirdelectric.8...ca.ptr.psc.sch.geo.csv,
EV232,Fleet40,2020,2023,,,T3RE,Bluebird Electric,8,,,,,,,,,,,,,,,CA,West Coast,"(BSC) Bus, School",(PTR) Passenger Transportation,(PSC) School Bus,(SCH) School Bus,(GLO) Government: Local,(GEO) Geotab,vehicle.ev232.fleet40.2020.bluebirdelectric.8...ca.ptr.psc.sch.geo.csv,
EV233,Fleet40,2020,2023,,,T3RE,Bluebird Electric,8,,,,,,,,,,,,,,,CA,West Coast,"(BSC) Bus, School",(PTR) Passenger Transportation,(PSC) School Bus,(SCH) School Bus,(GLO) Government: Local,(GEO) Geotab,vehicle.ev233.fleet40.2020.bluebirdelectric.8...ca.ptr.psc.sch.geo.csv,
EV234,Fleet40,2020,2023,,,T3RE,Bluebird Electric,8,,,,,,,,,,,,,,,CA,West Coast,"(BSC) Bus, School",(PTR) Passenger Transportation,(PSC) School Bus,(SCH) School Bus,(GLO) Government: Local,(GEO) Geotab,vehicle.ev234.fleet40.2020.bluebirdelectric.8...ca.ptr.psc.sch.geo.csv,
EV235,Fleet41,,,,,,,8,,,,,,,,,,,,,,,CA,West Coast,"(BNS) Bus, Non-School",(PTR) Passenger Transportation,(PTR) Transit Bus,(TRA) Transit Bus,(GST) Government: State,(GEO) Geotab,vehicle.ev235.fleet41...8...ca.ptr.ptr.tra.geo.csv,
EV236,Fleet41,,,,,,,8,,,,,,,,,,,,,,,CA,West Coast,"(BNS) Bus, Non-School",(PTR) Passenger Transportation,(PTR) Transit Bus,(TRA) Transit Bus,(GST) Government: State,(PRO) Proprietary,vehicle.ev236.fleet41...8...ca.ptr.ptr.tra.pro.csv,
EV237,Fleet41,,,,,,,8,,,,,,,,,,,,,,,CA,West Coast,"(BNS) Bus, Non-School",(PTR) Passenger Transportation,(PTR) Transit Bus,(TRA) Transit Bus,(GST) Government: State,(PRO) Proprietary,vehicle.ev237.fleet41...8...ca.ptr.ptr.tra.pro.csv,
EV238,Fleet41,,,,,,,8,,,,,,,,,,,,,,,CA,West Coast,"(BNS) Bus, Non-School",(PTR) Passenger Transportation,(PTR) Transit Bus,(TRA) Transit Bus,(GST) Government: State,(PRO) Proprietary,vehicle.ev238.fleet41...8...ca.ptr.ptr.tra.pro.csv,
EV239,Fleet41,,,,,`,,8,,,,,,,,,,,,,,,CA,West Coast,"(BNS) Bus, Non-School",(PTR) Passenger Transportation,(PTR) Transit Bus,(TRA) Transit Bus,(GST) Government: State,(PRO) Proprietary,vehicle.ev239.fleet41...8...ca.ptr.ptr.tra.pro.csv,
EV240,Fleet41,,,,,,,8,,,,,,,,,,,,,,,CA,West Coast,"(BNS) Bus, Non-School",(PTR) Passenger Transportation,(PTR) Transit Bus,(TRA) Transit Bus,(GST) Government: State,(PRO) Proprietary,vehicle.ev240.fleet41...8...ca.ptr.ptr.tra.pro.csv,
EV241,Fleet41,,,,,,,8,,,,,,,,,,,,,,,CA,West Coast,"(BNS) Bus, Non-School",(PTR) Passenger Transportation,(PTR) Transit Bus,(TRA) Transit Bus,(GST) Government: State,(PRO) Proprietary,vehicle.ev241.fleet41...8...ca.ptr.ptr.tra.pro.csv,
EV242,Fleet41,,,,,,,8,,,,,,,,,,,,,,,CA,West Coast,"(BNS) Bus, Non-School",(PTR) Passenger Transportation,(PTR) Transit Bus,(TRA) Transit Bus,(GST) Government: State,(PRO) Proprietary,vehicle.ev242.fleet41...8...ca.ptr.ptr.tra.pro.csv,
EV243,Fleet41,,,,,,,8,,,,,,,,,,,,,,,CA,West Coast,"(BNS) Bus, Non-School",(PTR) Passenger Transportation,(PTR) Transit Bus,(TRA) Transit Bus,(GST) Government: State,(PRO) Proprietary,vehicle.ev243.fleet41...8...ca.ptr.ptr.tra.pro.csv,
EV244,Fleet41,,,,,,,8,,,,,,,,,,,,,,,CA,West Coast,"(BNS) Bus, Non-School",(PTR) Passenger Transportation,(PTR) Transit Bus,(TRA) Transit Bus,(GST) Government: State,(PRO) Proprietary,vehicle.ev244.fleet41...8...ca.ptr.ptr.tra.pro.csv,
